navigation.draught,navigation.time,navigation.speed,navigation.heading,navigation.location.long,navigation.location.lat,navigation.course,navigation.destination.name,navigation.destination.eta,navigation.status,device.dimensions.to_port,device.dimensions.to_bow,device.dimensions.to_stern,device.dimensions.to_starboard,device.mmsi,vessel.callsign,vessel.subtype,vessel.type,vessel.imo,vessel.name
0.0,2021-01-01T00:01:54+00:00,0.0,,4.65823,51.81407,0.0,ROTTERDAM,2021-11-07T18:30:00+00:00,under-way-using-engine,4,70,5,4,244750043,PE9379,,cargo,0,TRUDIE
0.0,2021-01-01T00:06:54+00:00,0.0,,4.65821,51.81404,0.0,ROTTERDAM,2021-11-07T18:30:00+00:00,under-way-using-engine,4,70,5,4,244750043,PE9379,,cargo,0,TRUDIE
0.0,2021-01-01T00:11:54+00:00,0.0,,4.65824,51.81405,0.0,ROTTERDAM,2021-11-07T18:30:00+00:00,under-way-using-engine,4,70,5,4,244750043,PE9379,,cargo,0,TRUDIE
0.0,2021-01-01T00:16:54+00:00,0.0,,4.65824,51.81405,0.0,ROTTERDAM,2021-11-07T18:30:00+00:00,under-way-using-engine,4,70,5,4,244750043,PE9379,,cargo,0,TRUDIE
0.0,2021-01-01T00:21:54+00:00,0.0,,4.65823,51.81403,0.0,ROTTERDAM,2021-11-07T18:30:00+00:00,under-way-using-engine,4,70,5,4,244750043,PE9379,,cargo,0,TRUDIE
0.0,2021-01-01T00:26:53+00:00,0.0,,4.65821,51.81404,0.0,ROTTERDAM,2021-11-07T18:30:00+00:00,under-way-using-engine,4,70,5,4,244750043,PE9379,,cargo,0,TRUDIE
0.0,2021-01-01T00:31:54+00:00,0.0,,4.65824,51.81404,0.0,ROTTERDAM,2021-11-07T18:30:00+00:00,under-way-using-engine,4,70,5,4,244750043,PE9379,,cargo,0,TRUDIE
0.0,2021-01-01T00:36:54+00:00,0.0,,4.65823,51.81404,0.0,ROTTERDAM,2021-11-07T18:30:00+00:00,under-way-using-engine,4,70,5,4,244750043,PE9379,,cargo,0,TRUDIE
0.0,2021-01-01T00:41:54+00:00,0.0,,4.65821,51.81401,0.0,ROTTERDAM,2021-11-07T18:30:00+00:00,under-way-using-engine,4,70,5,4,244750043,PE9379,,cargo,0,TRUDIE
0.0,2021-01-01T00:46:54+00:00,0.0,,4.65822,51.81405,0.0,ROTTERDAM,2021-11-07T18:30:00+00:00,under-way-using-engine,4,70,5,4,244750043,PE9379,,cargo,0,TRUDIE
0.0,2021-01-01T00:51:54+00:00,0.0,,4.6582,51.81406,0.0,ROTTERDAM,2021-11-07T18:30:00+00:00,under-way-using-engine,4,70,5,4,244750043,PE9379,,cargo,0,TRUDIE
0.0,2021-01-01T00:56:54+00:00,0.0,,4.65825,51.81403,0.0,ROTTERDAM,2021-11-07T18:30:00+00:00,under-way-using-engine,4,70,5,4,244750043,PE9379,,cargo,0,TRUDIE
0.0,2021-01-01T01:01:53+00:00,0.0,,4.65826,51.81405,0.0,ROTTERDAM,2021-11-07T18:30:00+00:00,under-way-using-engine,4,70,5,4,244750043,PE9379,,cargo,0,TRUDIE
0.0,2021-01-01T01:06:53+00:00,0.0,,4.65821,51.81404,0.0,ROTTERDAM,2021-11-07T18:30:00+00:00,under-way-using-engine,4,70,5,4,244750043,PE9379,,cargo,0,TRUDIE
0.0,2021-01-01T01:11:54+00:00,0.0,,4.6582,51.81407,0.0,ROTTERDAM,2021-11-07T18:30:00+00:00,under-way-using-engine,4,70,5,4,244750043,PE9379,,cargo,0,TRUDIE
0.0,2021-01-01T01:16:54+00:00,0.0,,4.6582,51.81404,0.0,ROTTERDAM,2021-11-07T18:30:00+00:00,under-way-using-engine,4,70,5,4,244750043,PE9379,,cargo,0,TRUDIE
0.0,2021-01-01T01:21:53+00:00,0.0,,4.65819,51.81406,0.0,ROTTERDAM,2021-11-07T18:30:00+00:00,under-way-using-engine,4,70,5,4,244750043,PE9379,,cargo,0,TRUDIE
0.0,2021-01-01T01:26:54+00:00,0.0,,4.65818,51.81408,0.0,ROTTERDAM,2021-11-07T18:30:00+00:00,under-way-using-engine,4,70,5,4,244750043,PE9379,,cargo,0,TRUDIE
0.0,2021-01-01T01:31:53+00:00,0.0,,4.65821,51.81403,0.0,ROTTERDAM,2021-11-07T18:30:00+00:00,under-way-using-engine,4,70,5,4,244750043,PE9379,,cargo,0,TRUDIE
0.0,2021-01-01T01:36:54+00:00,0.0,,4.65815,51.81405,0.0,ROTTERDAM,2021-11-07T18:30:00+00:00,under-way-using-engine,4,70,5,4,244750043,PE9379,,cargo,0,TRUDIE
0.0,2021-01-01T01:41:55+00:00,0.0,,4.65818,51.81407,0.0,ROTTERDAM,2021-11-07T18:30:00+00:00,under-way-using-engine,4,70,5,4,244750043,PE9379,,cargo,0,TRUDIE
0.0,2021-01-01T01:46:54+00:00,0.0,,4.65818,51.81406,0.0,ROTTERDAM,2021-11-07T18:30:00+00:00,under-way-using-engine,4,70,5,4,244750043,PE9379,,cargo,0,TRUDIE
0.0,2021-01-01T01:51:53+00:00,0.0,,4.65819,51.81407,275.3,ROTTERDAM,2021-11-07T18:30:00+00:00,under-way-using-engine,4,70,5,4,244750043,PE9379,,cargo,0,TRUDIE
0.0,2021-01-01T01:56:54+00:00,0.0,,4.65816,51.81406,0.0,ROTTERDAM,2021-11-07T18:30:00+00:00,under-way-using-engine,4,70,5,4,244750043,PE9379,,cargo,0,TRUDIE
0.0,2021-01-01T02:01:04+00:00,0.0,,4.65821,51.81405,0.0,ROTTERDAM,2021-11-07T18:30:00+00:00,under-way-using-engine,4,70,5,4,244750043,PE9379,,cargo,0,TRUDIE
0.0,2021-01-01T02:06:57+00:00,0.0,,4.65816,51.81403,0.0,ROTTERDAM,2021-11-07T18:30:00+00:00,under-way-using-engine,4,70,5,4,244750043,PE9379,,cargo,0,TRUDIE
0.0,2021-01-01T02:11:57+00:00,0.0,,4.65816,51.81405,0.0,ROTTERDAM,2021-11-07T18:30:00+00:00,under-way-using-engine,4,70,5,4,244750043,PE9379,,cargo,0,TRUDIE
0.0,2021-01-01T02:16:57+00:00,0.0,,4.65819,51.81406,0.0,ROTTERDAM,2021-11-07T18:30:00+00:00,under-way-using-engine,4,70,5,4,244750043,PE9379,,cargo,0,TRUDIE
0.0,2021-01-01T02:21:57+00:00,0.0,,4.65817,51.81406,0.0,ROTTERDAM,2021-11-07T18:30:00+00:00,under-way-using-engine,4,70,5,4,244750043,PE9379,,cargo,0,TRUDIE
0.0,2021-01-01T02:26:58+00:00,0.0,,4.65816,51.81407,0.0,ROTTERDAM,2021-11-07T18:30:00+00:00,under-way-using-engine,4,70,5,4,244750043,PE9379,,cargo,0,TRUDIE
0.0,2021-01-01T02:31:58+00:00,0.0,,4.65818,51.81408,0.0,ROTTERDAM,2021-11-07T18:30:00+00:00,under-way-using-engine,4,70,5,4,244750043,PE9379,,cargo,0,TRUDIE
0.0,2021-01-01T02:36:58+00:00,0.0,,4.65817,51.81406,0.0,ROTTERDAM,2021-11-07T18:30:00+00:00,under-way-using-engine,4,70,5,4,244750043,PE9379,,cargo,0,TRUDIE
0.0,2021-01-01T02:41:58+00:00,0.0,,4.65818,51.81407,0.0,ROTTERDAM,2021-11-07T18:30:00+00:00,under-way-using-engine,4,70,5,4,244750043,PE9379,,cargo,0,TRUDIE
0.0,2021-01-01T02:46:57+00:00,0.0,,4.65817,51.81406,0.0,ROTTERDAM,2021-11-07T18:30:00+00:00,under-way-using-engine,4,70,5,4,244750043,PE9379,,cargo,0,TRUDIE
0.0,2021-01-01T02:51:57+00:00,0.0,,4.65818,51.81409,0.0,ROTTERDAM,2021-11-07T18:30:00+00:00,under-way-using-engine,4,70,5,4,244750043,PE9379,,cargo,0,TRUDIE
0.0,2021-01-01T02:56:58+00:00,0.0,,4.6582,51.81407,309.8,ROTTERDAM,2021-11-07T18:30:00+00:00,under-way-using-engine,4,70,5,4,244750043,PE9379,,cargo,0,TRUDIE
0.0,2021-01-01T03:01:57+00:00,0.0,,4.65817,51.81407,0.0,ROTTERDAM,2021-11-07T18:30:00+00:00,under-way-using-engine,4,70,5,4,244750043,PE9379,,cargo,0,TRUDIE
0.0,2021-01-01T03:06:58+00:00,0.0,,4.65818,51.81406,0.0,ROTTERDAM,2021-11-07T18:30:00+00:00,under-way-using-engine,4,70,5,4,244750043,PE9379,,cargo,0,TRUDIE
0.0,2021-01-01T03:11:57+00:00,0.0,,4.65817,51.81406,0.0,ROTTERDAM,2021-11-07T18:30:00+00:00,under-way-using-engine,4,70,5,4,244750043,PE9379,,cargo,0,TRUDIE
0.0,2021-01-01T03:16:58+00:00,0.0,,4.65814,51.81409,0.0,ROTTERDAM,2021-11-07T18:30:00+00:00,under-way-using-engine,4,70,5,4,244750043,PE9379,,cargo,0,TRUDIE
0.0,2021-01-01T03:21:58+00:00,0.0,,4.65813,51.81406,0.0,ROTTERDAM,2021-11-07T18:30:00+00:00,under-way-using-engine,4,70,5,4,244750043,PE9379,,cargo,0,TRUDIE
0.0,2021-01-01T03:26:57+00:00,0.0,,4.65816,51.81408,0.0,ROTTERDAM,2021-11-07T18:30:00+00:00,under-way-using-engine,4,70,5,4,244750043,PE9379,,cargo,0,TRUDIE
0.0,2021-01-01T03:31:57+00:00,0.0,,4.65818,51.81407,0.0,ROTTERDAM,2021-11-07T18:30:00+00:00,under-way-using-engine,4,70,5,4,244750043,PE9379,,cargo,0,TRUDIE
0.0,2021-01-01T03:36:57+00:00,0.0,,4.65819,51.81406,0.0,ROTTERDAM,2021-11-07T18:30:00+00:00,under-way-using-engine,4,70,5,4,244750043,PE9379,,cargo,0,TRUDIE
0.0,2021-01-01T03:41:57+00:00,0.0,,4.65819,51.81405,0.0,ROTTERDAM,2021-11-07T18:30:00+00:00,under-way-using-engine,4,70,5,4,244750043,PE9379,,cargo,0,TRUDIE
0.0,2021-01-01T03:46:57+00:00,0.0,,4.6582,51.81406,0.0,ROTTERDAM,2021-11-07T18:30:00+00:00,under-way-using-engine,4,70,5,4,244750043,PE9379,,cargo,0,TRUDIE
0.0,2021-01-01T03:51:58+00:00,0.0,,4.65819,51.81407,0.0,ROTTERDAM,2021-11-07T18:30:00+00:00,under-way-using-engine,4,70,5,4,244750043,PE9379,,cargo,0,TRUDIE
0.0,2021-01-01T03:56:57+00:00,0.0,,4.65818,51.81407,0.0,ROTTERDAM,2021-11-07T18:30:00+00:00,under-way-using-engine,4,70,5,4,244750043,PE9379,,cargo,0,TRUDIE
0.0,2021-01-01T04:01:58+00:00,0.0,,4.65815,51.81406,0.0,ROTTERDAM,2021-11-07T18:30:00+00:00,under-way-using-engine,4,70,5,4,244750043,PE9379,,cargo,0,TRUDIE
0.0,2021-01-01T04:06:57+00:00,0.0,,4.65817,51.81406,0.0,ROTTERDAM,2021-11-07T18:30:00+00:00,under-way-using-engine,4,70,5,4,244750043,PE9379,,cargo,0,TRUDIE
0.0,2021-01-01T04:11:47+00:00,0.0,,4.65818,51.81406,0.0,ROTTERDAM,2021-11-07T18:30:00+00:00,under-way-using-engine,4,70,5,4,244750043,PE9379,,cargo,0,TRUDIE
0.0,2021-01-01T04:16:48+00:00,0.0,,4.65822,51.81404,0.0,ROTTERDAM,2021-11-07T18:30:00+00:00,under-way-using-engine,4,70,5,4,244750043,PE9379,,cargo,0,TRUDIE
0.0,2021-01-01T04:21:56+00:00,0.0,,4.6582,51.81405,0.0,ROTTERDAM,2021-11-07T18:30:00+00:00,under-way-using-engine,4,70,5,4,244750043,PE9379,,cargo,0,TRUDIE
0.0,2021-01-01T04:26:57+00:00,0.0,,4.6582,51.81404,0.0,ROTTERDAM,2021-11-07T18:30:00+00:00,under-way-using-engine,4,70,5,4,244750043,PE9379,,cargo,0,TRUDIE
0.0,2021-01-01T04:31:57+00:00,0.0,,4.65824,51.81406,0.0,ROTTERDAM,2021-11-07T18:30:00+00:00,under-way-using-engine,4,70,5,4,244750043,PE9379,,cargo,0,TRUDIE
0.0,2021-01-01T04:36:57+00:00,0.0,,4.65821,51.81405,0.0,ROTTERDAM,2021-11-07T18:30:00+00:00,under-way-using-engine,4,70,5,4,244750043,PE9379,,cargo,0,TRUDIE
0.0,2021-01-01T04:41:57+00:00,0.0,,4.65816,51.81405,0.0,ROTTERDAM,2021-11-07T18:30:00+00:00,under-way-using-engine,4,70,5,4,244750043,PE9379,,cargo,0,TRUDIE
0.0,2021-01-01T04:46:37+00:00,0.0,,4.65817,51.81406,0.0,ROTTERDAM,2021-11-07T18:30:00+00:00,under-way-using-engine,4,70,5,4,244750043,PE9379,,cargo,0,TRUDIE
0.0,2021-01-01T04:51:57+00:00,0.0,,4.65825,51.81408,0.0,ROTTERDAM,2021-11-07T18:30:00+00:00,under-way-using-engine,4,70,5,4,244750043,PE9379,,cargo,0,TRUDIE
0.0,2021-01-01T04:56:57+00:00,0.0,,4.65818,51.81406,0.0,ROTTERDAM,2021-11-07T18:30:00+00:00,under-way-using-engine,4,70,5,4,244750043,PE9379,,cargo,0,TRUDIE
0.0,2021-01-01T05:01:58+00:00,0.0,,4.65819,51.81408,0.0,ROTTERDAM,2021-11-07T18:30:00+00:00,under-way-using-engine,4,70,5,4,244750043,PE9379,,cargo,0,TRUDIE
0.0,2021-01-01T05:06:58+00:00,0.0,,4.65819,51.81407,0.0,ROTTERDAM,2021-11-07T18:30:00+00:00,under-way-using-engine,4,70,5,4,244750043,PE9379,,cargo,0,TRUDIE
0.0,2021-01-01T05:12:00+00:00,0.0,,4.6582,51.81408,0.0,ROTTERDAM,2021-11-07T18:30:00+00:00,under-way-using-engine,4,70,5,4,244750043,PE9379,,cargo,0,TRUDIE
0.0,2021-01-01T05:16:57+00:00,0.0,,4.65822,51.81408,0.0,ROTTERDAM,2021-11-07T18:30:00+00:00,under-way-using-engine,4,70,5,4,244750043,PE9379,,cargo,0,TRUDIE
0.0,2021-01-01T05:21:47+00:00,0.0,,4.65819,51.81408,337.3,ROTTERDAM,2021-11-07T18:30:00+00:00,under-way-using-engine,4,70,5,4,244750043,PE9379,,cargo,0,TRUDIE
0.0,2021-01-01T05:26:57+00:00,0.0,,4.65821,51.81407,0.0,ROTTERDAM,2021-11-07T18:30:00+00:00,under-way-using-engine,4,70,5,4,244750043,PE9379,,cargo,0,TRUDIE
0.0,2021-01-01T05:31:58+00:00,0.0,,4.65818,51.81407,0.0,ROTTERDAM,2021-11-07T18:30:00+00:00,under-way-using-engine,4,70,5,4,244750043,PE9379,,cargo,0,TRUDIE
0.0,2021-01-01T05:36:58+00:00,0.0,,4.65822,51.81408,0.0,ROTTERDAM,2021-11-07T18:30:00+00:00,under-way-using-engine,4,70,5,4,244750043,PE9379,,cargo,0,TRUDIE
0.0,2021-01-01T05:41:57+00:00,0.0,,4.65822,51.81408,0.0,ROTTERDAM,2021-11-07T18:30:00+00:00,under-way-using-engine,4,70,5,4,244750043,PE9379,,cargo,0,TRUDIE
0.0,2021-01-01T05:46:58+00:00,0.0,,4.65822,51.81408,0.0,ROTTERDAM,2021-11-07T18:30:00+00:00,under-way-using-engine,4,70,5,4,244750043,PE9379,,cargo,0,TRUDIE
0.0,2021-01-01T05:51:57+00:00,0.0,,4.65819,51.81406,0.0,ROTTERDAM,2021-11-07T18:30:00+00:00,under-way-using-engine,4,70,5,4,244750043,PE9379,,cargo,0,TRUDIE
0.0,2021-01-01T05:56:58+00:00,0.0,,4.65819,51.81409,0.0,ROTTERDAM,2021-11-07T18:30:00+00:00,under-way-using-engine,4,70,5,4,244750043,PE9379,,cargo,0,TRUDIE
0.0,2021-01-01T06:01:58+00:00,0.0,,4.6582,51.81408,0.0,ROTTERDAM,2021-11-07T18:30:00+00:00,under-way-using-engine,4,70,5,4,244750043,PE9379,,cargo,0,TRUDIE
0.0,2021-01-01T06:06:58+00:00,0.0,,4.65821,51.81409,0.0,ROTTERDAM,2021-11-07T18:30:00+00:00,under-way-using-engine,4,70,5,4,244750043,PE9379,,cargo,0,TRUDIE
0.0,2021-01-01T06:11:58+00:00,0.0,,4.6582,51.81409,0.0,ROTTERDAM,2021-11-07T18:30:00+00:00,under-way-using-engine,4,70,5,4,244750043,PE9379,,cargo,0,TRUDIE
0.0,2021-01-01T06:16:56+00:00,0.0,,4.6582,51.81407,0.0,ROTTERDAM,2021-11-07T18:30:00+00:00,under-way-using-engine,4,70,5,4,244750043,PE9379,,cargo,0,TRUDIE
0.0,2021-01-01T06:21:57+00:00,0.0,,4.65822,51.81403,0.0,ROTTERDAM,2021-11-07T18:30:00+00:00,under-way-using-engine,4,70,5,4,244750043,PE9379,,cargo,0,TRUDIE
0.0,2021-01-01T06:26:57+00:00,0.0,,4.65819,51.81406,0.0,ROTTERDAM,2021-11-07T18:30:00+00:00,under-way-using-engine,4,70,5,4,244750043,PE9379,,cargo,0,TRUDIE
0.0,2021-01-01T06:31:58+00:00,0.0,,4.6582,51.81406,292.9,ROTTERDAM,2021-11-07T18:30:00+00:00,under-way-using-engine,4,70,5,4,244750043,PE9379,,cargo,0,TRUDIE
0.0,2021-01-01T06:36:58+00:00,0.0,,4.65818,51.81407,0.0,ROTTERDAM,2021-11-07T18:30:00+00:00,under-way-using-engine,4,70,5,4,244750043,PE9379,,cargo,0,TRUDIE
0.0,2021-01-01T06:41:58+00:00,0.0,,4.65817,51.81408,0.0,ROTTERDAM,2021-11-07T18:30:00+00:00,under-way-using-engine,4,70,5,4,244750043,PE9379,,cargo,0,TRUDIE
0.0,2021-01-01T06:46:57+00:00,0.0,,4.65817,51.81406,0.0,ROTTERDAM,2021-11-07T18:30:00+00:00,under-way-using-engine,4,70,5,4,244750043,PE9379,,cargo,0,TRUDIE
0.0,2021-01-01T06:51:57+00:00,0.0,,4.65821,51.81406,0.0,ROTTERDAM,2021-11-07T18:30:00+00:00,under-way-using-engine,4,70,5,4,244750043,PE9379,,cargo,0,TRUDIE
0.0,2021-01-01T06:56:57+00:00,0.0,,4.65818,51.81406,0.0,ROTTERDAM,2021-11-07T18:30:00+00:00,under-way-using-engine,4,70,5,4,244750043,PE9379,,cargo,0,TRUDIE
0.0,2021-01-01T07:01:58+00:00,0.0,,4.65819,51.81409,0.0,ROTTERDAM,2021-11-07T18:30:00+00:00,under-way-using-engine,4,70,5,4,244750043,PE9379,,cargo,0,TRUDIE
0.0,2021-01-01T07:06:58+00:00,0.0,,4.65821,51.81407,0.0,ROTTERDAM,2021-11-07T18:30:00+00:00,under-way-using-engine,4,70,5,4,244750043,PE9379,,cargo,0,TRUDIE
0.0,2021-01-01T07:11:47+00:00,0.0,,4.65816,51.81409,0.0,ROTTERDAM,2021-11-07T18:30:00+00:00,under-way-using-engine,4,70,5,4,244750043,PE9379,,cargo,0,TRUDIE
0.0,2021-01-01T07:16:58+00:00,0.0,,4.65817,51.81408,0.0,ROTTERDAM,2021-11-07T18:30:00+00:00,under-way-using-engine,4,70,5,4,244750043,PE9379,,cargo,0,TRUDIE
0.0,2021-01-01T07:21:58+00:00,0.0,,4.65818,51.81403,0.0,ROTTERDAM,2021-11-07T18:30:00+00:00,under-way-using-engine,4,70,5,4,244750043,PE9379,,cargo,0,TRUDIE
0.0,2021-01-01T07:26:58+00:00,0.0,,4.65818,51.81405,0.0,ROTTERDAM,2021-11-07T18:30:00+00:00,under-way-using-engine,4,70,5,4,244750043,PE9379,,cargo,0,TRUDIE
0.0,2021-01-01T07:31:57+00:00,0.0,,4.65818,51.81408,0.0,ROTTERDAM,2021-11-07T18:30:00+00:00,under-way-using-engine,4,70,5,4,244750043,PE9379,,cargo,0,TRUDIE
0.0,2021-01-01T07:36:58+00:00,0.0,,4.65817,51.81406,310.4,ROTTERDAM,2021-11-07T18:30:00+00:00,under-way-using-engine,4,70,5,4,244750043,PE9379,,cargo,0,TRUDIE
0.0,2021-01-01T07:41:58+00:00,0.0,,4.65817,51.81407,0.0,ROTTERDAM,2021-11-07T18:30:00+00:00,under-way-using-engine,4,70,5,4,244750043,PE9379,,cargo,0,TRUDIE
0.0,2021-01-01T07:46:57+00:00,0.0,,4.65816,51.81406,0.0,ROTTERDAM,2021-11-07T18:30:00+00:00,under-way-using-engine,4,70,5,4,244750043,PE9379,,cargo,0,TRUDIE
0.0,2021-01-01T07:51:57+00:00,0.0,,4.65819,51.81407,0.0,ROTTERDAM,2021-11-07T18:30:00+00:00,under-way-using-engine,4,70,5,4,244750043,PE9379,,cargo,0,TRUDIE
0.0,2021-01-01T07:56:57+00:00,0.0,,4.65814,51.81408,0.0,ROTTERDAM,2021-11-07T18:30:00+00:00,under-way-using-engine,4,70,5,4,244750043,PE9379,,cargo,0,TRUDIE
0.0,2021-01-01T08:01:57+00:00,0.0,,4.6582,51.81409,0.0,ROTTERDAM,2021-11-07T18:30:00+00:00,under-way-using-engine,4,70,5,4,244750043,PE9379,,cargo,0,TRUDIE
0.0,2021-01-01T08:06:57+00:00,0.0,,4.65819,51.81409,0.0,ROTTERDAM,2021-11-07T18:30:00+00:00,under-way-using-engine,4,70,5,4,244750043,PE9379,,cargo,0,TRUDIE
0.0,2021-01-01T08:11:57+00:00,0.0,,4.65816,51.81408,0.0,ROTTERDAM,2021-11-07T18:30:00+00:00,under-way-using-engine,4,70,5,4,244750043,PE9379,,cargo,0,TRUDIE
0.0,2021-01-01T08:16:58+00:00,0.0,,4.65817,51.81407,0.0,ROTTERDAM,2021-11-07T18:30:00+00:00,under-way-using-engine,4,70,5,4,244750043,PE9379,,cargo,0,TRUDIE
0.0,2021-01-01T08:21:59+00:00,0.0,,4.65817,51.81407,0.0,ROTTERDAM,2021-11-07T18:30:00+00:00,under-way-using-engine,4,70,5,4,244750043,PE9379,,cargo,0,TRUDIE
0.0,2021-01-01T08:26:57+00:00,0.0,,4.65818,51.81408,0.0,ROTTERDAM,2021-11-07T18:30:00+00:00,under-way-using-engine,4,70,5,4,244750043,PE9379,,cargo,0,TRUDIE
0.0,2021-01-01T08:31:58+00:00,0.0,,4.65817,51.81408,0.0,ROTTERDAM,2021-11-07T18:30:00+00:00,under-way-using-engine,4,70,5,4,244750043,PE9379,,cargo,0,TRUDIE
0.0,2021-01-01T08:36:58+00:00,0.0,,4.65816,51.81408,0.0,ROTTERDAM,2021-11-07T18:30:00+00:00,under-way-using-engine,4,70,5,4,244750043,PE9379,,cargo,0,TRUDIE
0.0,2021-01-01T08:41:59+00:00,0.0,,4.65821,51.81408,0.0,ROTTERDAM,2021-11-07T18:30:00+00:00,under-way-using-engine,4,70,5,4,244750043,PE9379,,cargo,0,TRUDIE
0.0,2021-01-01T08:46:58+00:00,0.0,,4.65821,51.81403,0.0,ROTTERDAM,2021-11-07T18:30:00+00:00,under-way-using-engine,4,70,5,4,244750043,PE9379,,cargo,0,TRUDIE
0.0,2021-01-01T08:51:57+00:00,0.0,,4.65818,51.81412,0.0,ROTTERDAM,2021-11-07T18:30:00+00:00,under-way-using-engine,4,70,5,4,244750043,PE9379,,cargo,0,TRUDIE
0.0,2021-01-01T08:56:57+00:00,0.0,,4.65818,51.81411,0.0,ROTTERDAM,2021-11-07T18:30:00+00:00,under-way-using-engine,4,70,5,4,244750043,PE9379,,cargo,0,TRUDIE
0.0,2021-01-01T09:01:57+00:00,0.0,,4.65815,51.81412,0.0,ROTTERDAM,2021-11-07T18:30:00+00:00,under-way-using-engine,4,70,5,4,244750043,PE9379,,cargo,0,TRUDIE
0.0,2021-01-01T09:06:57+00:00,0.0,,4.65817,51.81408,0.0,ROTTERDAM,2021-11-07T18:30:00+00:00,under-way-using-engine,4,70,5,4,244750043,PE9379,,cargo,0,TRUDIE
0.0,2021-01-01T09:11:57+00:00,0.0,,4.65816,51.8141,0.0,ROTTERDAM,2021-11-07T18:30:00+00:00,under-way-using-engine,4,70,5,4,244750043,PE9379,,cargo,0,TRUDIE
0.0,2021-01-01T09:16:57+00:00,0.0,,4.65819,51.81409,0.0,ROTTERDAM,2021-11-07T18:30:00+00:00,under-way-using-engine,4,70,5,4,244750043,PE9379,,cargo,0,TRUDIE
0.0,2021-01-01T09:21:57+00:00,0.0,,4.65818,51.81408,0.0,ROTTERDAM,2021-11-07T18:30:00+00:00,under-way-using-engine,4,70,5,4,244750043,PE9379,,cargo,0,TRUDIE
0.0,2021-01-01T09:26:57+00:00,0.0,,4.65817,51.81406,0.0,ROTTERDAM,2021-11-07T18:30:00+00:00,under-way-using-engine,4,70,5,4,244750043,PE9379,,cargo,0,TRUDIE
0.0,2021-01-01T09:31:58+00:00,0.0,,4.65817,51.81409,0.0,ROTTERDAM,2021-11-07T18:30:00+00:00,under-way-using-engine,4,70,5,4,244750043,PE9379,,cargo,0,TRUDIE
0.0,2021-01-01T09:36:57+00:00,0.0,,4.65818,51.81409,0.0,ROTTERDAM,2021-11-07T18:30:00+00:00,under-way-using-engine,4,70,5,4,244750043,PE9379,,cargo,0,TRUDIE
0.0,2021-01-01T09:41:57+00:00,0.0,,4.65817,51.81408,0.0,ROTTERDAM,2021-11-07T18:30:00+00:00,under-way-using-engine,4,70,5,4,244750043,PE9379,,cargo,0,TRUDIE
0.0,2021-01-01T09:46:57+00:00,0.0,,4.65814,51.81407,0.0,ROTTERDAM,2021-11-07T18:30:00+00:00,under-way-using-engine,4,70,5,4,244750043,PE9379,,cargo,0,TRUDIE
0.0,2021-01-01T09:51:57+00:00,0.0,,4.65819,51.81407,0.0,ROTTERDAM,2021-11-07T18:30:00+00:00,under-way-using-engine,4,70,5,4,244750043,PE9379,,cargo,0,TRUDIE
0.0,2021-01-01T09:56:58+00:00,0.0,,4.65816,51.81406,0.0,ROTTERDAM,2021-11-07T18:30:00+00:00,under-way-using-engine,4,70,5,4,244750043,PE9379,,cargo,0,TRUDIE
0.0,2021-01-01T10:01:58+00:00,0.0,,4.65817,51.81406,0.0,ROTTERDAM,2021-11-07T18:30:00+00:00,under-way-using-engine,4,70,5,4,244750043,PE9379,,cargo,0,TRUDIE
0.0,2021-01-01T10:06:58+00:00,0.0,,4.65817,51.81406,0.0,ROTTERDAM,2021-11-07T18:30:00+00:00,under-way-using-engine,4,70,5,4,244750043,PE9379,,cargo,0,TRUDIE
0.0,2021-01-01T10:11:57+00:00,0.0,,4.65815,51.81409,0.0,ROTTERDAM,2021-11-07T18:30:00+00:00,under-way-using-engine,4,70,5,4,244750043,PE9379,,cargo,0,TRUDIE
0.0,2021-01-01T10:16:58+00:00,0.0,,4.65818,51.81406,0.0,ROTTERDAM,2021-11-07T18:30:00+00:00,under-way-using-engine,4,70,5,4,244750043,PE9379,,cargo,0,TRUDIE
0.0,2021-01-01T10:21:58+00:00,0.0,,4.6582,51.81408,0.0,ROTTERDAM,2021-11-07T18:30:00+00:00,under-way-using-engine,4,70,5,4,244750043,PE9379,,cargo,0,TRUDIE
0.0,2021-01-01T10:26:56+00:00,0.0,,4.65817,51.81403,0.0,ROTTERDAM,2021-11-07T18:30:00+00:00,under-way-using-engine,4,70,5,4,244750043,PE9379,,cargo,0,TRUDIE
0.0,2021-01-01T10:31:58+00:00,0.0,,4.65816,51.81407,0.0,ROTTERDAM,2021-11-07T18:30:00+00:00,under-way-using-engine,4,70,5,4,244750043,PE9379,,cargo,0,TRUDIE
0.0,2021-01-01T10:36:58+00:00,0.0,,4.65818,51.81404,0.0,ROTTERDAM,2021-11-07T18:30:00+00:00,under-way-using-engine,4,70,5,4,244750043,PE9379,,cargo,0,TRUDIE
0.0,2021-01-01T10:41:57+00:00,0.0,,4.65817,51.81407,0.0,ROTTERDAM,2021-11-07T18:30:00+00:00,under-way-using-engine,4,70,5,4,244750043,PE9379,,cargo,0,TRUDIE
0.0,2021-01-01T10:46:57+00:00,0.0,,4.6582,51.81407,0.0,ROTTERDAM,2021-11-07T18:30:00+00:00,under-way-using-engine,4,70,5,4,244750043,PE9379,,cargo,0,TRUDIE
0.0,2021-01-01T10:51:58+00:00,0.0,,4.65816,51.81405,0.0,ROTTERDAM,2021-11-07T18:30:00+00:00,under-way-using-engine,4,70,5,4,244750043,PE9379,,cargo,0,TRUDIE
0.0,2021-01-01T10:56:58+00:00,0.0,,4.65821,51.81403,0.0,ROTTERDAM,2021-11-07T18:30:00+00:00,under-way-using-engine,4,70,5,4,244750043,PE9379,,cargo,0,TRUDIE
0.0,2021-01-01T11:01:58+00:00,0.0,,4.65822,51.81403,0.0,ROTTERDAM,2021-11-07T18:30:00+00:00,under-way-using-engine,4,70,5,4,244750043,PE9379,,cargo,0,TRUDIE
0.0,2021-01-01T11:06:58+00:00,0.0,,4.6582,51.81404,0.0,ROTTERDAM,2021-11-07T18:30:00+00:00,under-way-using-engine,4,70,5,4,244750043,PE9379,,cargo,0,TRUDIE
0.0,2021-01-01T11:11:58+00:00,0.0,,4.65819,51.81404,0.0,ROTTERDAM,2021-11-07T18:30:00+00:00,under-way-using-engine,4,70,5,4,244750043,PE9379,,cargo,0,TRUDIE
0.0,2021-01-01T11:16:57+00:00,0.0,,4.65817,51.81403,0.0,ROTTERDAM,2021-11-07T18:30:00+00:00,under-way-using-engine,4,70,5,4,244750043,PE9379,,cargo,0,TRUDIE
0.0,2021-01-01T11:21:57+00:00,0.0,,4.6582,51.81403,0.0,ROTTERDAM,2021-11-07T18:30:00+00:00,under-way-using-engine,4,70,5,4,244750043,PE9379,,cargo,0,TRUDIE
0.0,2021-01-01T11:26:56+00:00,0.0,,4.65822,51.81404,0.0,ROTTERDAM,2021-11-07T18:30:00+00:00,under-way-using-engine,4,70,5,4,244750043,PE9379,,cargo,0,TRUDIE
0.0,2021-01-01T11:31:58+00:00,0.0,,4.65821,51.81403,0.0,ROTTERDAM,2021-11-07T18:30:00+00:00,under-way-using-engine,4,70,5,4,244750043,PE9379,,cargo,0,TRUDIE
0.0,2021-01-01T11:36:58+00:00,0.0,,4.65818,51.81401,0.0,ROTTERDAM,2021-11-07T18:30:00+00:00,under-way-using-engine,4,70,5,4,244750043,PE9379,,cargo,0,TRUDIE
0.0,2021-01-01T11:41:56+00:00,0.0,,4.65819,51.81406,0.0,ROTTERDAM,2021-11-07T18:30:00+00:00,under-way-using-engine,4,70,5,4,244750043,PE9379,,cargo,0,TRUDIE
0.0,2021-01-01T11:46:58+00:00,0.0,,4.6582,51.81403,0.0,ROTTERDAM,2021-11-07T18:30:00+00:00,under-way-using-engine,4,70,5,4,244750043,PE9379,,cargo,0,TRUDIE
0.0,2021-01-01T11:51:58+00:00,0.0,,4.65822,51.81404,0.0,ROTTERDAM,2021-11-07T18:30:00+00:00,under-way-using-engine,4,70,5,4,244750043,PE9379,,cargo,0,TRUDIE
0.0,2021-01-01T11:56:57+00:00,0.0,,4.65819,51.81403,0.0,ROTTERDAM,2021-11-07T18:30:00+00:00,under-way-using-engine,4,70,5,4,244750043,PE9379,,cargo,0,TRUDIE
0.0,2021-01-01T12:01:57+00:00,0.0,,4.65817,51.81405,0.0,ROTTERDAM,2021-11-07T18:30:00+00:00,under-way-using-engine,4,70,5,4,244750043,PE9379,,cargo,0,TRUDIE
0.0,2021-01-01T12:06:57+00:00,0.0,,4.6582,51.81404,0.0,ROTTERDAM,2021-11-07T18:30:00+00:00,under-way-using-engine,4,70,5,4,244750043,PE9379,,cargo,0,TRUDIE
0.0,2021-01-01T12:11:58+00:00,0.0,,4.65821,51.81406,0.0,ROTTERDAM,2021-11-07T18:30:00+00:00,under-way-using-engine,4,70,5,4,244750043,PE9379,,cargo,0,TRUDIE
0.0,2021-01-01T12:16:57+00:00,0.0,,4.65817,51.81402,0.0,ROTTERDAM,2021-11-07T18:30:00+00:00,under-way-using-engine,4,70,5,4,244750043,PE9379,,cargo,0,TRUDIE
0.0,2021-01-01T12:21:57+00:00,0.0,,4.65817,51.81406,0.0,ROTTERDAM,2021-11-07T18:30:00+00:00,under-way-using-engine,4,70,5,4,244750043,PE9379,,cargo,0,TRUDIE
0.0,2021-01-01T12:26:57+00:00,0.0,,4.65816,51.81401,0.0,ROTTERDAM,2021-11-07T18:30:00+00:00,under-way-using-engine,4,70,5,4,244750043,PE9379,,cargo,0,TRUDIE
0.0,2021-01-01T12:31:57+00:00,0.0,,4.65817,51.81404,0.0,ROTTERDAM,2021-11-07T18:30:00+00:00,under-way-using-engine,4,70,5,4,244750043,PE9379,,cargo,0,TRUDIE
0.0,2021-01-01T12:36:58+00:00,0.0,,4.65819,51.81406,0.0,ROTTERDAM,2021-11-07T18:30:00+00:00,under-way-using-engine,4,70,5,4,244750043,PE9379,,cargo,0,TRUDIE
0.0,2021-01-01T12:41:58+00:00,0.0,,4.6582,51.81406,0.0,ROTTERDAM,2021-11-07T18:30:00+00:00,under-way-using-engine,4,70,5,4,244750043,PE9379,,cargo,0,TRUDIE
0.0,2021-01-01T12:46:57+00:00,0.0,,4.6582,51.81405,0.0,ROTTERDAM,2021-11-07T18:30:00+00:00,under-way-using-engine,4,70,5,4,244750043,PE9379,,cargo,0,TRUDIE
0.0,2021-01-01T12:51:57+00:00,0.0,,4.65819,51.81404,149.0,ROTTERDAM,2021-11-07T18:30:00+00:00,under-way-using-engine,4,70,5,4,244750043,PE9379,,cargo,0,TRUDIE
0.0,2021-01-01T12:56:58+00:00,0.0,,4.65819,51.81404,125.9,ROTTERDAM,2021-11-07T18:30:00+00:00,under-way-using-engine,4,70,5,4,244750043,PE9379,,cargo,0,TRUDIE
0.0,2021-01-01T13:01:57+00:00,0.0,,4.65819,51.81404,0.0,ROTTERDAM,2021-11-07T18:30:00+00:00,under-way-using-engine,4,70,5,4,244750043,PE9379,,cargo,0,TRUDIE
0.0,2021-01-01T13:06:57+00:00,0.0,,4.65818,51.81404,0.0,ROTTERDAM,2021-11-07T18:30:00+00:00,under-way-using-engine,4,70,5,4,244750043,PE9379,,cargo,0,TRUDIE
0.0,2021-01-01T13:11:57+00:00,0.0,,4.65819,51.81403,0.0,ROTTERDAM,2021-11-07T18:30:00+00:00,under-way-using-engine,4,70,5,4,244750043,PE9379,,cargo,0,TRUDIE
0.0,2021-01-01T13:16:57+00:00,0.0,,4.6582,51.81405,0.0,ROTTERDAM,2021-11-07T18:30:00+00:00,under-way-using-engine,4,70,5,4,244750043,PE9379,,cargo,0,TRUDIE
0.0,2021-01-01T13:21:57+00:00,0.0,,4.65822,51.81403,0.0,ROTTERDAM,2021-11-07T18:30:00+00:00,under-way-using-engine,4,70,5,4,244750043,PE9379,,cargo,0,TRUDIE
0.0,2021-01-01T13:26:57+00:00,0.0,,4.65823,51.81405,0.0,ROTTERDAM,2021-11-07T18:30:00+00:00,under-way-using-engine,4,70,5,4,244750043,PE9379,,cargo,0,TRUDIE
0.0,2021-01-01T13:31:57+00:00,0.0,,4.65822,51.81405,0.0,ROTTERDAM,2021-11-07T18:30:00+00:00,under-way-using-engine,4,70,5,4,244750043,PE9379,,cargo,0,TRUDIE
0.0,2021-01-01T13:36:56+00:00,0.0,,4.65823,51.81408,0.0,ROTTERDAM,2021-11-07T18:30:00+00:00,under-way-using-engine,4,70,5,4,244750043,PE9379,,cargo,0,TRUDIE
0.0,2021-01-01T13:41:56+00:00,0.0,,4.65822,51.81407,0.0,ROTTERDAM,2021-11-07T18:30:00+00:00,under-way-using-engine,4,70,5,4,244750043,PE9379,,cargo,0,TRUDIE
0.0,2021-01-01T13:46:58+00:00,0.0,,4.65824,51.81404,0.0,ROTTERDAM,2021-11-07T18:30:00+00:00,under-way-using-engine,4,70,5,4,244750043,PE9379,,cargo,0,TRUDIE
0.0,2021-01-01T13:51:58+00:00,0.0,,4.65823,51.81402,0.0,ROTTERDAM,2021-11-07T18:30:00+00:00,under-way-using-engine,4,70,5,4,244750043,PE9379,,cargo,0,TRUDIE
0.0,2021-01-01T13:56:59+00:00,0.0,,4.65821,51.81404,0.0,ROTTERDAM,2021-11-07T18:30:00+00:00,under-way-using-engine,4,70,5,4,244750043,PE9379,,cargo,0,TRUDIE
0.0,2021-01-01T14:01:57+00:00,0.0,,4.65821,51.81406,0.0,ROTTERDAM,2021-11-07T18:30:00+00:00,under-way-using-engine,4,70,5,4,244750043,PE9379,,cargo,0,TRUDIE
0.0,2021-01-01T14:06:58+00:00,0.0,,4.65822,51.81403,0.0,ROTTERDAM,2021-11-07T18:30:00+00:00,under-way-using-engine,4,70,5,4,244750043,PE9379,,cargo,0,TRUDIE
0.0,2021-01-01T14:11:58+00:00,0.0,,4.65822,51.81405,0.0,ROTTERDAM,2021-11-07T18:30:00+00:00,under-way-using-engine,4,70,5,4,244750043,PE9379,,cargo,0,TRUDIE
0.0,2021-01-01T14:16:58+00:00,0.0,,4.65821,51.81405,0.0,ROTTERDAM,2021-11-07T18:30:00+00:00,under-way-using-engine,4,70,5,4,244750043,PE9379,,cargo,0,TRUDIE
0.0,2021-01-01T14:21:58+00:00,0.0,,4.65821,51.81403,0.0,ROTTERDAM,2021-11-07T18:30:00+00:00,under-way-using-engine,4,70,5,4,244750043,PE9379,,cargo,0,TRUDIE
0.0,2021-01-01T14:26:58+00:00,0.0,,4.65822,51.81403,0.0,ROTTERDAM,2021-11-07T18:30:00+00:00,under-way-using-engine,4,70,5,4,244750043,PE9379,,cargo,0,TRUDIE
0.0,2021-01-01T14:31:58+00:00,0.0,,4.65823,51.81404,0.0,ROTTERDAM,2021-11-07T18:30:00+00:00,under-way-using-engine,4,70,5,4,244750043,PE9379,,cargo,0,TRUDIE
0.0,2021-01-01T14:36:58+00:00,0.0,,4.65822,51.81404,0.0,ROTTERDAM,2021-11-07T18:30:00+00:00,under-way-using-engine,4,70,5,4,244750043,PE9379,,cargo,0,TRUDIE
0.0,2021-01-01T14:41:57+00:00,0.0,,4.65823,51.814,0.0,ROTTERDAM,2021-11-07T18:30:00+00:00,under-way-using-engine,4,70,5,4,244750043,PE9379,,cargo,0,TRUDIE
0.0,2021-01-01T14:46:58+00:00,0.0,,4.65822,51.81405,0.0,ROTTERDAM,2021-11-07T18:30:00+00:00,under-way-using-engine,4,70,5,4,244750043,PE9379,,cargo,0,TRUDIE
0.0,2021-01-01T14:51:57+00:00,0.0,,4.65824,51.81403,0.0,ROTTERDAM,2021-11-07T18:30:00+00:00,under-way-using-engine,4,70,5,4,244750043,PE9379,,cargo,0,TRUDIE
0.0,2021-01-01T14:56:57+00:00,0.0,,4.65823,51.81404,0.0,ROTTERDAM,2021-11-07T18:30:00+00:00,under-way-using-engine,4,70,5,4,244750043,PE9379,,cargo,0,TRUDIE
0.0,2021-01-01T15:01:58+00:00,0.0,,4.65822,51.81403,0.0,ROTTERDAM,2021-11-07T18:30:00+00:00,under-way-using-engine,4,70,5,4,244750043,PE9379,,cargo,0,TRUDIE
0.0,2021-01-01T15:06:58+00:00,0.0,,4.65823,51.81402,0.0,ROTTERDAM,2021-11-07T18:30:00+00:00,under-way-using-engine,4,70,5,4,244750043,PE9379,,cargo,0,TRUDIE
0.0,2021-01-01T15:11:58+00:00,0.0,,4.65822,51.81402,0.0,ROTTERDAM,2021-11-07T18:30:00+00:00,under-way-using-engine,4,70,5,4,244750043,PE9379,,cargo,0,TRUDIE
0.0,2021-01-01T15:16:58+00:00,0.0,,4.65818,51.81403,0.0,ROTTERDAM,2021-11-07T18:30:00+00:00,under-way-using-engine,4,70,5,4,244750043,PE9379,,cargo,0,TRUDIE
0.0,2021-01-01T15:21:57+00:00,0.0,,4.65821,51.81406,0.0,ROTTERDAM,2021-11-07T18:30:00+00:00,under-way-using-engine,4,70,5,4,244750043,PE9379,,cargo,0,TRUDIE
0.0,2021-01-01T15:26:57+00:00,0.0,,4.65826,51.81402,0.0,ROTTERDAM,2021-11-07T18:30:00+00:00,under-way-using-engine,4,70,5,4,244750043,PE9379,,cargo,0,TRUDIE
0.0,2021-01-01T15:31:47+00:00,0.0,,4.6582,51.81405,0.0,ROTTERDAM,2021-11-07T18:30:00+00:00,under-way-using-engine,4,70,5,4,244750043,PE9379,,cargo,0,TRUDIE
0.0,2021-01-01T15:36:58+00:00,0.0,,4.65825,51.81405,0.0,ROTTERDAM,2021-11-07T18:30:00+00:00,under-way-using-engine,4,70,5,4,244750043,PE9379,,cargo,0,TRUDIE
0.0,2021-01-01T15:41:57+00:00,0.0,,4.65823,51.81404,0.0,ROTTERDAM,2021-11-07T18:30:00+00:00,under-way-using-engine,4,70,5,4,244750043,PE9379,,cargo,0,TRUDIE
0.0,2021-01-01T15:46:57+00:00,0.0,,4.65821,51.81407,0.0,ROTTERDAM,2021-11-07T18:30:00+00:00,under-way-using-engine,4,70,5,4,244750043,PE9379,,cargo,0,TRUDIE
0.0,2021-01-01T15:51:57+00:00,0.0,,4.65827,51.81404,0.0,ROTTERDAM,2021-11-07T18:30:00+00:00,under-way-using-engine,4,70,5,4,244750043,PE9379,,cargo,0,TRUDIE
0.0,2021-01-01T15:56:57+00:00,0.0,,4.65824,51.81404,0.0,ROTTERDAM,2021-11-07T18:30:00+00:00,under-way-using-engine,4,70,5,4,244750043,PE9379,,cargo,0,TRUDIE
0.0,2021-01-01T16:01:58+00:00,0.0,,4.65823,51.81406,0.0,ROTTERDAM,2021-11-07T18:30:00+00:00,under-way-using-engine,4,70,5,4,244750043,PE9379,,cargo,0,TRUDIE
0.0,2021-01-01T16:06:57+00:00,0.0,,4.65824,51.81404,0.0,ROTTERDAM,2021-11-07T18:30:00+00:00,under-way-using-engine,4,70,5,4,244750043,PE9379,,cargo,0,TRUDIE
0.0,2021-01-01T16:11:57+00:00,0.0,,4.65827,51.81405,0.0,ROTTERDAM,2021-11-07T18:30:00+00:00,under-way-using-engine,4,70,5,4,244750043,PE9379,,cargo,0,TRUDIE
0.0,2021-01-01T16:16:57+00:00,0.0,,4.65825,51.81405,0.0,ROTTERDAM,2021-11-07T18:30:00+00:00,under-way-using-engine,4,70,5,4,244750043,PE9379,,cargo,0,TRUDIE
0.0,2021-01-01T16:21:57+00:00,0.0,,4.65826,51.81406,0.0,ROTTERDAM,2021-11-07T18:30:00+00:00,under-way-using-engine,4,70,5,4,244750043,PE9379,,cargo,0,TRUDIE
0.0,2021-01-01T16:26:58+00:00,0.0,,4.65824,51.81407,0.0,ROTTERDAM,2021-11-07T18:30:00+00:00,under-way-using-engine,4,70,5,4,244750043,PE9379,,cargo,0,TRUDIE
0.0,2021-01-01T16:31:58+00:00,0.0,,4.65827,51.81409,0.0,ROTTERDAM,2021-11-07T18:30:00+00:00,under-way-using-engine,4,70,5,4,244750043,PE9379,,cargo,0,TRUDIE
0.0,2021-01-01T16:36:58+00:00,0.0,,4.65824,51.81408,0.0,ROTTERDAM,2021-11-07T18:30:00+00:00,under-way-using-engine,4,70,5,4,244750043,PE9379,,cargo,0,TRUDIE
0.0,2021-01-01T16:41:58+00:00,0.0,,4.65824,51.81411,163.6,ROTTERDAM,2021-11-07T18:30:00+00:00,under-way-using-engine,4,70,5,4,244750043,PE9379,,cargo,0,TRUDIE
0.0,2021-01-01T16:46:56+00:00,0.0,,4.65825,51.81411,128.6,ROTTERDAM,2021-11-07T18:30:00+00:00,under-way-using-engine,4,70,5,4,244750043,PE9379,,cargo,0,TRUDIE
0.0,2021-01-01T16:51:56+00:00,0.0,,4.65817,51.81408,0.0,ROTTERDAM,2021-11-07T18:30:00+00:00,under-way-using-engine,4,70,5,4,244750043,PE9379,,cargo,0,TRUDIE
0.0,2021-01-01T16:56:58+00:00,0.0,,4.65822,51.81406,0.0,ROTTERDAM,2021-11-07T18:30:00+00:00,under-way-using-engine,4,70,5,4,244750043,PE9379,,cargo,0,TRUDIE
0.0,2021-01-01T17:01:58+00:00,0.0,,4.6582,51.81407,0.0,ROTTERDAM,2021-11-07T18:30:00+00:00,under-way-using-engine,4,70,5,4,244750043,PE9379,,cargo,0,TRUDIE
0.0,2021-01-01T17:06:58+00:00,0.0,,4.65822,51.81404,0.0,ROTTERDAM,2021-11-07T18:30:00+00:00,under-way-using-engine,4,70,5,4,244750043,PE9379,,cargo,0,TRUDIE
0.0,2021-01-01T17:11:58+00:00,0.0,,4.65825,51.81404,0.0,ROTTERDAM,2021-11-07T18:30:00+00:00,under-way-using-engine,4,70,5,4,244750043,PE9379,,cargo,0,TRUDIE
0.0,2021-01-01T17:16:56+00:00,0.0,,4.65821,51.81407,0.0,ROTTERDAM,2021-11-07T18:30:00+00:00,under-way-using-engine,4,70,5,4,244750043,PE9379,,cargo,0,TRUDIE
0.0,2021-01-01T17:21:58+00:00,0.0,,4.65821,51.81407,0.0,ROTTERDAM,2021-11-07T18:30:00+00:00,under-way-using-engine,4,70,5,4,244750043,PE9379,,cargo,0,TRUDIE
0.0,2021-01-01T17:26:58+00:00,0.0,,4.6582,51.81407,0.0,ROTTERDAM,2021-11-07T18:30:00+00:00,under-way-using-engine,4,70,5,4,244750043,PE9379,,cargo,0,TRUDIE
0.0,2021-01-01T17:31:57+00:00,0.0,,4.65816,51.81407,0.0,ROTTERDAM,2021-11-07T18:30:00+00:00,under-way-using-engine,4,70,5,4,244750043,PE9379,,cargo,0,TRUDIE
0.0,2021-01-01T17:36:57+00:00,0.0,,4.65826,51.81404,0.0,ROTTERDAM,2021-11-07T18:30:00+00:00,under-way-using-engine,4,70,5,4,244750043,PE9379,,cargo,0,TRUDIE
0.0,2021-01-01T17:41:57+00:00,0.0,,4.65818,51.81407,0.0,ROTTERDAM,2021-11-07T18:30:00+00:00,under-way-using-engine,4,70,5,4,244750043,PE9379,,cargo,0,TRUDIE
0.0,2021-01-01T17:46:57+00:00,0.0,,4.65816,51.81408,0.0,ROTTERDAM,2021-11-07T18:30:00+00:00,under-way-using-engine,4,70,5,4,244750043,PE9379,,cargo,0,TRUDIE
0.0,2021-01-01T17:51:57+00:00,0.0,,4.65819,51.81405,0.0,ROTTERDAM,2021-11-07T18:30:00+00:00,under-way-using-engine,4,70,5,4,244750043,PE9379,,cargo,0,TRUDIE
0.0,2021-01-01T17:56:57+00:00,0.0,,4.65821,51.81407,0.0,ROTTERDAM,2021-11-07T18:30:00+00:00,under-way-using-engine,4,70,5,4,244750043,PE9379,,cargo,0,TRUDIE
0.0,2021-01-01T18:01:58+00:00,0.0,,4.65819,51.81407,0.0,ROTTERDAM,2021-11-07T18:30:00+00:00,under-way-using-engine,4,70,5,4,244750043,PE9379,,cargo,0,TRUDIE
0.0,2021-01-01T18:06:57+00:00,0.0,,4.65821,51.81407,0.0,ROTTERDAM,2021-11-07T18:30:00+00:00,under-way-using-engine,4,70,5,4,244750043,PE9379,,cargo,0,TRUDIE
0.0,2021-01-01T18:11:56+00:00,0.0,,4.6582,51.81407,0.0,ROTTERDAM,2021-11-07T18:30:00+00:00,under-way-using-engine,4,70,5,4,244750043,PE9379,,cargo,0,TRUDIE
0.0,2021-01-01T18:16:57+00:00,0.0,,4.65817,51.81407,0.0,ROTTERDAM,2021-11-07T18:30:00+00:00,under-way-using-engine,4,70,5,4,244750043,PE9379,,cargo,0,TRUDIE
0.0,2021-01-01T18:21:58+00:00,0.0,,4.65818,51.81409,0.0,ROTTERDAM,2021-11-07T18:30:00+00:00,under-way-using-engine,4,70,5,4,244750043,PE9379,,cargo,0,TRUDIE
0.0,2021-01-01T18:26:48+00:00,0.0,,4.65818,51.8141,0.0,ROTTERDAM,2021-11-07T18:30:00+00:00,under-way-using-engine,4,70,5,4,244750043,PE9379,,cargo,0,TRUDIE
0.0,2021-01-01T18:31:57+00:00,0.0,,4.65822,51.81406,0.0,ROTTERDAM,2021-11-07T18:30:00+00:00,under-way-using-engine,4,70,5,4,244750043,PE9379,,cargo,0,TRUDIE
0.0,2021-01-01T18:36:57+00:00,0.0,,4.65825,51.81406,0.0,ROTTERDAM,2021-11-07T18:30:00+00:00,under-way-using-engine,4,70,5,4,244750043,PE9379,,cargo,0,TRUDIE
0.0,2021-01-01T18:41:57+00:00,0.0,,4.65818,51.81409,0.0,ROTTERDAM,2021-11-07T18:30:00+00:00,under-way-using-engine,4,70,5,4,244750043,PE9379,,cargo,0,TRUDIE
0.0,2021-01-01T18:46:57+00:00,0.0,,4.65822,51.81407,0.0,ROTTERDAM,2021-11-07T18:30:00+00:00,under-way-using-engine,4,70,5,4,244750043,PE9379,,cargo,0,TRUDIE
0.0,2021-01-01T18:51:58+00:00,0.0,,4.65822,51.81407,0.0,ROTTERDAM,2021-11-07T18:30:00+00:00,under-way-using-engine,4,70,5,4,244750043,PE9379,,cargo,0,TRUDIE
0.0,2021-01-01T18:56:57+00:00,0.0,,4.65822,51.81407,0.0,ROTTERDAM,2021-11-07T18:30:00+00:00,under-way-using-engine,4,70,5,4,244750043,PE9379,,cargo,0,TRUDIE
0.0,2021-01-01T19:01:57+00:00,0.0,,4.65819,51.81407,0.0,ROTTERDAM,2021-11-07T18:30:00+00:00,under-way-using-engine,4,70,5,4,244750043,PE9379,,cargo,0,TRUDIE
0.0,2021-01-01T19:06:58+00:00,0.0,,4.65819,51.81409,0.0,ROTTERDAM,2021-11-07T18:30:00+00:00,under-way-using-engine,4,70,5,4,244750043,PE9379,,cargo,0,TRUDIE
0.0,2021-01-01T19:11:58+00:00,0.0,,4.65822,51.81406,0.0,ROTTERDAM,2021-11-07T18:30:00+00:00,under-way-using-engine,4,70,5,4,244750043,PE9379,,cargo,0,TRUDIE
0.0,2021-01-01T19:16:57+00:00,0.0,,4.65819,51.81406,0.0,ROTTERDAM,2021-11-07T18:30:00+00:00,under-way-using-engine,4,70,5,4,244750043,PE9379,,cargo,0,TRUDIE
0.0,2021-01-01T19:21:58+00:00,0.0,,4.65821,51.81403,0.0,ROTTERDAM,2021-11-07T18:30:00+00:00,under-way-using-engine,4,70,5,4,244750043,PE9379,,cargo,0,TRUDIE
0.0,2021-01-01T19:26:56+00:00,0.0,,4.6582,51.81404,0.0,ROTTERDAM,2021-11-07T18:30:00+00:00,under-way-using-engine,4,70,5,4,244750043,PE9379,,cargo,0,TRUDIE
0.0,2021-01-01T19:31:57+00:00,0.0,,4.65827,51.81402,0.0,ROTTERDAM,2021-11-07T18:30:00+00:00,under-way-using-engine,4,70,5,4,244750043,PE9379,,cargo,0,TRUDIE
0.0,2021-01-01T19:36:58+00:00,0.0,,4.65828,51.81404,0.0,ROTTERDAM,2021-11-07T18:30:00+00:00,under-way-using-engine,4,70,5,4,244750043,PE9379,,cargo,0,TRUDIE
0.0,2021-01-01T19:41:57+00:00,0.0,,4.6582,51.81404,0.0,ROTTERDAM,2021-11-07T18:30:00+00:00,under-way-using-engine,4,70,5,4,244750043,PE9379,,cargo,0,TRUDIE
0.0,2021-01-01T19:46:57+00:00,0.0,,4.6582,51.81405,0.0,ROTTERDAM,2021-11-07T18:30:00+00:00,under-way-using-engine,4,70,5,4,244750043,PE9379,,cargo,0,TRUDIE
0.0,2021-01-01T19:51:58+00:00,0.0,,4.65821,51.81406,0.0,ROTTERDAM,2021-11-07T18:30:00+00:00,under-way-using-engine,4,70,5,4,244750043,PE9379,,cargo,0,TRUDIE
0.0,2021-01-01T19:56:57+00:00,0.0,,4.65821,51.81406,0.0,ROTTERDAM,2021-11-07T18:30:00+00:00,under-way-using-engine,4,70,5,4,244750043,PE9379,,cargo,0,TRUDIE
0.0,2021-01-01T20:01:57+00:00,0.0,,4.65822,51.81407,0.0,ROTTERDAM,2021-11-07T18:30:00+00:00,under-way-using-engine,4,70,5,4,244750043,PE9379,,cargo,0,TRUDIE
0.0,2021-01-01T20:06:58+00:00,0.0,,4.65823,51.81406,129.2,ROTTERDAM,2021-11-07T18:30:00+00:00,under-way-using-engine,4,70,5,4,244750043,PE9379,,cargo,0,TRUDIE
0.0,2021-01-01T20:11:56+00:00,0.0,,4.6582,51.81406,0.0,ROTTERDAM,2021-11-07T18:30:00+00:00,under-way-using-engine,4,70,5,4,244750043,PE9379,,cargo,0,TRUDIE
0.0,2021-01-01T20:16:58+00:00,0.0,,4.65819,51.81405,151.2,ROTTERDAM,2021-11-07T18:30:00+00:00,under-way-using-engine,4,70,5,4,244750043,PE9379,,cargo,0,TRUDIE
0.0,2021-01-01T20:21:58+00:00,0.0,,4.6582,51.81405,0.0,ROTTERDAM,2021-11-07T18:30:00+00:00,under-way-using-engine,4,70,5,4,244750043,PE9379,,cargo,0,TRUDIE
0.0,2021-01-01T20:26:58+00:00,0.0,,4.6582,51.81405,0.0,ROTTERDAM,2021-11-07T18:30:00+00:00,under-way-using-engine,4,70,5,4,244750043,PE9379,,cargo,0,TRUDIE
0.0,2021-01-01T20:31:57+00:00,0.0,,4.6582,51.81406,0.0,ROTTERDAM,2021-11-07T18:30:00+00:00,under-way-using-engine,4,70,5,4,244750043,PE9379,,cargo,0,TRUDIE
0.0,2021-01-01T20:36:57+00:00,0.0,,4.65817,51.81404,0.0,ROTTERDAM,2021-11-07T18:30:00+00:00,under-way-using-engine,4,70,5,4,244750043,PE9379,,cargo,0,TRUDIE
0.0,2021-01-01T20:41:57+00:00,0.0,,4.65817,51.81404,0.0,ROTTERDAM,2021-11-07T18:30:00+00:00,under-way-using-engine,4,70,5,4,244750043,PE9379,,cargo,0,TRUDIE
0.0,2021-01-01T20:46:57+00:00,0.0,,4.6582,51.81406,0.0,ROTTERDAM,2021-11-07T18:30:00+00:00,under-way-using-engine,4,70,5,4,244750043,PE9379,,cargo,0,TRUDIE
0.0,2021-01-01T20:51:57+00:00,0.0,,4.6582,51.81406,0.0,ROTTERDAM,2021-11-07T18:30:00+00:00,under-way-using-engine,4,70,5,4,244750043,PE9379,,cargo,0,TRUDIE
0.0,2021-01-01T20:56:59+00:00,0.0,,4.65821,51.81405,0.0,ROTTERDAM,2021-11-07T18:30:00+00:00,under-way-using-engine,4,70,5,4,244750043,PE9379,,cargo,0,TRUDIE
0.0,2021-01-01T21:01:56+00:00,0.0,,4.6582,51.81403,0.0,ROTTERDAM,2021-11-07T18:30:00+00:00,under-way-using-engine,4,70,5,4,244750043,PE9379,,cargo,0,TRUDIE
0.0,2021-01-01T21:06:58+00:00,0.0,,4.65817,51.81406,0.0,ROTTERDAM,2021-11-07T18:30:00+00:00,under-way-using-engine,4,70,5,4,244750043,PE9379,,cargo,0,TRUDIE
0.0,2021-01-01T21:11:58+00:00,0.0,,4.65821,51.81407,0.0,ROTTERDAM,2021-11-07T18:30:00+00:00,under-way-using-engine,4,70,5,4,244750043,PE9379,,cargo,0,TRUDIE
0.0,2021-01-01T21:16:56+00:00,0.0,,4.65825,51.81406,0.0,ROTTERDAM,2021-11-07T18:30:00+00:00,under-way-using-engine,4,70,5,4,244750043,PE9379,,cargo,0,TRUDIE
0.0,2021-01-01T21:21:52+00:00,0.0,,4.65822,51.81405,0.0,ROTTERDAM,2021-11-07T18:30:00+00:00,under-way-using-engine,4,70,5,4,244750043,PE9379,,cargo,0,TRUDIE
0.0,2021-01-01T21:26:52+00:00,0.0,,4.65821,51.81406,318.6,ROTTERDAM,2021-11-07T18:30:00+00:00,under-way-using-engine,4,70,5,4,244750043,PE9379,,cargo,0,TRUDIE
0.0,2021-01-01T21:31:52+00:00,0.0,,4.65824,51.81407,0.0,ROTTERDAM,2021-11-07T18:30:00+00:00,under-way-using-engine,4,70,5,4,244750043,PE9379,,cargo,0,TRUDIE
0.0,2021-01-01T21:36:51+00:00,0.0,,4.65823,51.81405,0.0,ROTTERDAM,2021-11-07T18:30:00+00:00,under-way-using-engine,4,70,5,4,244750043,PE9379,,cargo,0,TRUDIE
0.0,2021-01-01T21:41:52+00:00,0.0,,4.65824,51.81405,0.0,ROTTERDAM,2021-11-07T18:30:00+00:00,under-way-using-engine,4,70,5,4,244750043,PE9379,,cargo,0,TRUDIE
0.0,2021-01-01T21:46:52+00:00,0.0,,4.65825,51.81405,0.0,ROTTERDAM,2021-11-07T18:30:00+00:00,under-way-using-engine,4,70,5,4,244750043,PE9379,,cargo,0,TRUDIE
0.0,2021-01-01T21:51:52+00:00,0.0,,4.65821,51.81404,0.0,ROTTERDAM,2021-11-07T18:30:00+00:00,under-way-using-engine,4,70,5,4,244750043,PE9379,,cargo,0,TRUDIE
0.0,2021-01-01T21:56:52+00:00,0.0,,4.65818,51.81406,0.0,ROTTERDAM,2021-11-07T18:30:00+00:00,under-way-using-engine,4,70,5,4,244750043,PE9379,,cargo,0,TRUDIE
0.0,2021-01-01T22:01:52+00:00,0.0,,4.65824,51.81405,0.0,ROTTERDAM,2021-11-07T18:30:00+00:00,under-way-using-engine,4,70,5,4,244750043,PE9379,,cargo,0,TRUDIE
0.0,2021-01-01T22:06:51+00:00,0.0,,4.65822,51.81405,0.0,ROTTERDAM,2021-11-07T18:30:00+00:00,under-way-using-engine,4,70,5,4,244750043,PE9379,,cargo,0,TRUDIE
0.0,2021-01-01T22:11:51+00:00,0.0,,4.65824,51.81413,0.0,ROTTERDAM,2021-11-07T18:30:00+00:00,under-way-using-engine,4,70,5,4,244750043,PE9379,,cargo,0,TRUDIE
0.0,2021-01-01T22:16:51+00:00,0.0,,4.65823,51.81408,0.0,ROTTERDAM,2021-11-07T18:30:00+00:00,under-way-using-engine,4,70,5,4,244750043,PE9379,,cargo,0,TRUDIE
0.0,2021-01-01T22:21:53+00:00,0.0,,4.65823,51.81406,0.0,ROTTERDAM,2021-11-07T18:30:00+00:00,under-way-using-engine,4,70,5,4,244750043,PE9379,,cargo,0,TRUDIE
0.0,2021-01-01T22:26:53+00:00,0.0,,4.65824,51.8141,0.0,ROTTERDAM,2021-11-07T18:30:00+00:00,under-way-using-engine,4,70,5,4,244750043,PE9379,,cargo,0,TRUDIE
0.0,2021-01-01T22:31:52+00:00,0.0,,4.65823,51.81407,0.0,ROTTERDAM,2021-11-07T18:30:00+00:00,under-way-using-engine,4,70,5,4,244750043,PE9379,,cargo,0,TRUDIE
0.0,2021-01-01T22:36:52+00:00,0.0,,4.65826,51.81409,0.0,ROTTERDAM,2021-11-07T18:30:00+00:00,under-way-using-engine,4,70,5,4,244750043,PE9379,,cargo,0,TRUDIE
0.0,2021-01-01T22:41:53+00:00,0.0,,4.65823,51.81408,0.0,ROTTERDAM,2021-11-07T18:30:00+00:00,under-way-using-engine,4,70,5,4,244750043,PE9379,,cargo,0,TRUDIE
0.0,2021-01-01T22:46:42+00:00,0.0,,4.65823,51.8141,0.0,ROTTERDAM,2021-11-07T18:30:00+00:00,under-way-using-engine,4,70,5,4,244750043,PE9379,,cargo,0,TRUDIE
0.0,2021-01-01T22:51:52+00:00,0.0,,4.65825,51.81408,0.0,ROTTERDAM,2021-11-07T18:30:00+00:00,under-way-using-engine,4,70,5,4,244750043,PE9379,,cargo,0,TRUDIE
0.0,2021-01-01T22:56:42+00:00,0.0,,4.65825,51.81409,0.0,ROTTERDAM,2021-11-07T18:30:00+00:00,under-way-using-engine,4,70,5,4,244750043,PE9379,,cargo,0,TRUDIE
0.0,2021-01-01T23:02:03+00:00,0.0,,4.65823,51.81409,0.0,ROTTERDAM,2021-11-07T18:30:00+00:00,under-way-using-engine,4,70,5,4,244750043,PE9379,,cargo,0,TRUDIE
0.0,2021-01-01T23:06:52+00:00,0.0,,4.65824,51.81406,0.0,ROTTERDAM,2021-11-07T18:30:00+00:00,under-way-using-engine,4,70,5,4,244750043,PE9379,,cargo,0,TRUDIE
0.0,2021-01-01T23:11:52+00:00,0.0,,4.65823,51.81408,0.0,ROTTERDAM,2021-11-07T18:30:00+00:00,under-way-using-engine,4,70,5,4,244750043,PE9379,,cargo,0,TRUDIE
0.0,2021-01-01T23:16:52+00:00,0.0,,4.65824,51.81409,0.0,ROTTERDAM,2021-11-07T18:30:00+00:00,under-way-using-engine,4,70,5,4,244750043,PE9379,,cargo,0,TRUDIE
0.0,2021-01-01T23:21:53+00:00,0.0,,4.65823,51.8141,286.6,ROTTERDAM,2021-11-07T18:30:00+00:00,under-way-using-engine,4,70,5,4,244750043,PE9379,,cargo,0,TRUDIE
0.0,2021-01-01T23:26:53+00:00,0.0,,4.65823,51.81409,0.0,ROTTERDAM,2021-11-07T18:30:00+00:00,under-way-using-engine,4,70,5,4,244750043,PE9379,,cargo,0,TRUDIE
0.0,2021-01-01T23:31:52+00:00,0.0,,4.65822,51.81407,0.0,ROTTERDAM,2021-11-07T18:30:00+00:00,under-way-using-engine,4,70,5,4,244750043,PE9379,,cargo,0,TRUDIE
0.0,2021-01-01T23:36:42+00:00,0.0,,4.65821,51.81408,0.0,ROTTERDAM,2021-11-07T18:30:00+00:00,under-way-using-engine,4,70,5,4,244750043,PE9379,,cargo,0,TRUDIE
0.0,2021-01-01T23:41:51+00:00,0.0,,4.65819,51.81407,0.0,ROTTERDAM,2021-11-07T18:30:00+00:00,under-way-using-engine,4,70,5,4,244750043,PE9379,,cargo,0,TRUDIE
0.0,2021-01-01T23:46:53+00:00,0.0,,4.65821,51.81407,0.0,ROTTERDAM,2021-11-07T18:30:00+00:00,under-way-using-engine,4,70,5,4,244750043,PE9379,,cargo,0,TRUDIE
0.0,2021-01-01T23:51:52+00:00,0.0,,4.65822,51.81408,0.0,ROTTERDAM,2021-11-07T18:30:00+00:00,under-way-using-engine,4,70,5,4,244750043,PE9379,,cargo,0,TRUDIE
0.0,2021-01-01T23:56:53+00:00,0.0,,4.65821,51.81407,0.0,ROTTERDAM,2021-11-07T18:30:00+00:00,under-way-using-engine,4,70,5,4,244750043,PE9379,,cargo,0,TRUDIE
