time,destination,course,heading,speed,status,longitude,latitude
2021-01-05T20:57:01+00:00,NLVLI,78.9,82,9.3,under-way-using-engine,3.04559,51.36716
2021-01-05T21:02:00+00:00,NLVLI,79.4,81,9.1,under-way-using-engine,3.06571,51.36928
2021-01-05T21:07:00+00:00,NLVLI,77.9,79,9.1,under-way-using-engine,3.08549,51.37163
2021-01-05T21:12:00+00:00,NLVLI,82.0,81,8.9,under-way-using-engine,3.10512,51.374
2021-01-05T21:17:00+00:00,NLVLI,82.0,81,8.9,under-way-using-engine,3.12475,51.37584
2021-01-05T21:22:00+00:00,NLVLI,82.5,81,8.8,under-way-using-engine,3.14434,51.3776
2021-01-05T21:27:00+00:00,NLVLI,80.3,83,8.9,under-way-using-engine,3.16396,51.37928
2021-01-05T21:32:01+00:00,NLVLI,84.4,81,8.5,under-way-using-engine,3.18292,51.38106
2021-01-05T21:36:58+00:00,NLVLI,77.1,78,8.4,under-way-using-engine,3.20115,51.383
2021-01-05T21:42:00+00:00,NLVLI,77.5,78,8.5,under-way-using-engine,3.21987,51.3856
2021-01-05T21:46:58+00:00,NLVLI,76.4,76,8.6,under-way-using-engine,3.23832,51.38851
2021-01-05T21:52:00+00:00,NLVLI,78.2,78,8.7,under-way-using-engine,3.25713,51.39137
2021-01-05T21:57:00+00:00,NLVLI,81.3,82,8.5,under-way-using-engine,3.27605,51.39345
2021-01-05T22:02:00+00:00,NLVLI,80.3,82,8.4,under-way-using-engine,3.29464,51.39524
2021-01-05T22:07:00+00:00,NLVLI,80.6,84,7.7,under-way-using-engine,3.3124,51.39703
2021-01-05T22:11:58+00:00,NLVLI,82.6,84,7.6,under-way-using-engine,3.3291,51.39838
2021-01-05T22:16:58+00:00,NLVLI,82.1,84,7.6,under-way-using-engine,3.34581,51.39983
2021-01-05T22:21:58+00:00,NLVLI,83.9,84,7.8,under-way-using-engine,3.36279,51.40107
2021-01-05T22:26:57+00:00,NLVLI,80.6,80,8.2,under-way-using-engine,3.38062,51.4025
2021-01-05T22:31:57+00:00,NLVLI,78.9,79,8.3,under-way-using-engine,3.39839,51.40451
2021-01-05T22:36:58+00:00,NLVLI,79.5,81,8.3,under-way-using-engine,3.41664,51.40685
2021-01-05T22:42:00+00:00,NLVLI,80.8,79,8.1,under-way-using-engine,3.4352,51.40866
2021-01-05T22:46:56+00:00,NLVLI,79.8,79,7.5,under-way-using-engine,3.45209,51.41058
2021-01-05T22:51:57+00:00,NLVLI,80.7,81,7.5,under-way-using-engine,3.46871,51.41244
2021-01-05T22:56:57+00:00,NLVLI,80.1,82,7.5,under-way-using-engine,3.48515,51.4142
2021-01-05T23:01:58+00:00,NLVLI,78.4,81,7.4,under-way-using-engine,3.50175,51.41599
2021-01-05T23:06:58+00:00,NLVLI,80.9,85,7.0,under-way-using-engine,3.51703,51.41755
2021-01-05T23:11:47+00:00,NLVLI,76.8,82,4.8,under-way-using-engine,3.53046,51.41881
2021-01-05T23:16:56+00:00,NLVLI,80.1,86,5.2,under-way-using-engine,3.54167,51.42053
2021-01-05T23:21:58+00:00,NLVLI,81.5,85,3.7,under-way-using-engine,3.55256,51.42146
2021-01-05T23:26:57+00:00,NLVLI,89.5,90,2.0,under-way-using-engine,3.55893,51.42191
2021-01-05T23:31:57+00:00,NLVLI,89.6,92,3.8,under-way-using-engine,3.56468,51.42195
2021-01-05T23:37:00+00:00,NLVLI,77.7,78,6.7,under-way-using-engine,3.57582,51.42243
2021-01-05T23:41:57+00:00,NLVLI,67.1,70,9.5,under-way-using-engine,3.59359,51.42668
2021-01-05T23:46:57+00:00,NLVLI,70.0,70,8.8,under-way-using-engine,3.61226,51.43113
2021-01-05T23:51:57+00:00,NLVLI,68.4,66,9.3,under-way-using-engine,3.63123,51.43525
2021-01-05T23:56:56+00:00,NLVLI,85.2,89,9.4,under-way-using-engine,3.65157,51.43971
2021-01-06T00:02:00+00:00,NLVLI,19.1,23,10.1,under-way-using-engine,3.67,51.44386
2021-01-06T00:07:00+00:00,NLVLI,33.9,39,4.0,under-way-using-engine,3.6769,51.45297
2021-01-06T00:12:00+00:00,NLVLI,39.6,45,6.0,under-way-using-engine,3.68196,51.45693
2021-01-06T00:16:56+00:00,NLVLI,124.0,124,6.8,under-way-using-engine,3.69461,51.4562
2021-01-06T00:21:56+00:00,NLVLI,124.4,123,2.8,under-way-using-engine,3.70302,51.45271
2021-01-06T00:26:57+00:00,NLVLI,135.3,130,1.3,under-way-using-engine,3.70637,51.45107
2021-01-06T00:32:00+00:00,NLVLI,191.8,242,1.3,under-way-using-engine,3.70813,51.4497
2021-01-06T00:36:58+00:00,NLVLI,232.8,307,0.6,under-way-using-engine,3.7072,51.44886
2021-01-06T00:41:58+00:00,NLVLI,0.1,328,0.0,under-way-using-engine,3.70664,51.44854
2021-01-06T00:46:58+00:00,NLVLI,0.1,328,0.0,under-way-using-engine,3.70675,51.44842
2021-01-06T00:49:09+00:00,NLVLI,0.1,328,0.0,moored,3.70676,51.44843
2021-01-06T00:55:09+00:00,NLVLI,0.1,328,0.0,moored,3.70677,51.44841
2021-01-06T01:01:09+00:00,NLVLI,0.1,328,0.0,moored,3.70677,51.44842
2021-01-06T01:04:08+00:00,NLVLI,0.1,329,0.0,moored,3.70675,51.44841
2021-01-06T01:10:09+00:00,NLVLI,0.1,328,0.0,moored,3.70676,51.44842
2021-01-06T01:16:07+00:00,NLVLI,0.1,328,0.0,moored,3.70675,51.44843
2021-01-06T01:19:08+00:00,NLVLI,0.1,328,0.0,moored,3.70676,51.44842
2021-01-06T01:25:09+00:00,NLVLI,0.1,328,0.0,moored,3.70677,51.44842
2021-01-06T01:31:08+00:00,NLVLI,0.1,329,0.0,moored,3.70675,51.44841
2021-01-06T01:34:08+00:00,NLVLI,0.1,328,0.0,moored,3.70676,51.44842
2021-01-06T01:40:09+00:00,NLVLI,0.1,328,0.0,moored,3.70673,51.44842
2021-01-06T01:46:08+00:00,NLVLI,0.1,328,0.0,moored,3.70674,51.44842
2021-01-06T01:49:08+00:00,NLVLI,0.1,328,0.0,moored,3.70675,51.44842
2021-01-06T01:55:08+00:00,NLVLI,0.1,328,0.0,moored,3.70675,51.44842
2021-01-06T02:01:09+00:00,NLVLI,0.1,328,0.0,moored,3.70676,51.44842
2021-01-06T02:04:08+00:00,NLVLI,0.1,328,0.0,moored,3.70676,51.44841
2021-01-06T02:10:07+00:00,NLVLI,0.1,329,0.0,moored,3.70676,51.44842
2021-01-06T02:16:07+00:00,NLVLI,0.1,328,0.0,moored,3.70676,51.44842
2021-01-06T02:19:07+00:00,NLVLI,0.1,328,0.0,moored,3.70676,51.44842
2021-01-06T02:22:08+00:00,NLVLI,0.1,328,0.0,moored,3.70677,51.44841
2021-01-06T02:31:08+00:00,NLVLI,0.1,328,0.0,moored,3.70672,51.44845
2021-01-06T02:34:09+00:00,NLVLI,0.1,327,0.0,moored,3.70677,51.44843
2021-01-06T02:40:09+00:00,NLVLI,0.1,328,0.0,moored,3.70677,51.44843
2021-01-06T02:46:08+00:00,NLVLI,0.1,328,0.0,moored,3.70676,51.44841
2021-01-06T02:49:08+00:00,NLVLI,0.1,327,0.0,moored,3.70677,51.44841
2021-01-06T02:55:08+00:00,NLVLI,0.1,328,0.0,moored,3.70674,51.44844
2021-01-06T03:01:08+00:00,NLVLI,0.1,328,0.0,moored,3.70676,51.4484
2021-01-06T03:04:09+00:00,NLVLI,0.1,327,0.0,moored,3.70676,51.44842
2021-01-06T03:10:09+00:00,NLVLI,0.1,329,0.0,moored,3.70676,51.44841
2021-01-06T03:16:09+00:00,NLVLI,0.1,328,0.0,moored,3.70675,51.44842
2021-01-06T03:19:07+00:00,NLVLI,0.1,329,0.0,moored,3.70676,51.44842
2021-01-06T03:25:08+00:00,NLVLI,0.1,328,0.0,moored,3.70678,51.44841
2021-01-06T03:31:09+00:00,NLVLI,0.1,327,0.0,moored,3.70677,51.44841
2021-01-06T03:34:08+00:00,NLVLI,0.1,328,0.0,moored,3.70677,51.4484
2021-01-06T03:40:08+00:00,NLVLI,0.1,328,0.0,moored,3.70676,51.44841
2021-01-06T03:46:09+00:00,NLVLI,0.1,328,0.0,moored,3.70675,51.44842
2021-01-06T03:49:08+00:00,NLVLI,0.1,328,0.0,moored,3.70675,51.44837
2021-01-06T03:55:09+00:00,NLVLI,0.1,328,0.0,moored,3.70677,51.44842
2021-01-06T04:01:08+00:00,NLVLI,0.1,328,0.0,moored,3.70676,51.44842
2021-01-06T04:04:08+00:00,NLVLI,0.1,328,0.0,moored,3.70677,51.44842
2021-01-06T04:10:07+00:00,NLVLI,0.1,328,0.0,moored,3.70674,51.4484
2021-01-06T04:16:08+00:00,NLVLI,0.1,328,0.0,moored,3.70676,51.44841
2021-01-06T04:19:08+00:00,NLVLI,0.1,328,0.0,moored,3.70677,51.44842
2021-01-06T04:25:07+00:00,NLVLI,0.1,328,0.0,moored,3.70674,51.44841
2021-01-06T04:31:09+00:00,NLVLI,0.1,327,0.0,moored,3.70673,51.4484
2021-01-06T04:34:08+00:00,NLVLI,0.1,328,0.0,moored,3.70675,51.44842
2021-01-06T04:40:08+00:00,NLVLI,0.1,329,0.0,moored,3.70677,51.44842
2021-01-06T04:46:07+00:00,NLVLI,0.1,328,0.0,moored,3.70675,51.44841
2021-01-06T04:49:08+00:00,NLVLI,0.1,328,0.0,moored,3.70676,51.4484
2021-01-06T04:55:08+00:00,NLVLI,0.1,328,0.0,moored,3.70675,51.44843
2021-01-06T04:58:09+00:00,NLVLI,0.1,328,0.0,moored,3.70675,51.44841
2021-01-06T05:04:08+00:00,NLVLI,0.1,328,0.0,moored,3.70676,51.44841
2021-01-06T05:10:07+00:00,NLVLI,0.1,328,0.0,moored,3.70676,51.44842
2021-01-06T05:16:09+00:00,NLVLI,0.1,328,0.0,moored,3.70674,51.4484
2021-01-06T05:19:09+00:00,NLVLI,0.1,328,0.0,moored,3.70674,51.4484
2021-01-06T05:25:08+00:00,NLVLI,0.1,328,0.0,moored,3.70674,51.44841
2021-01-06T05:31:07+00:00,NLVLI,0.1,328,0.0,moored,3.70675,51.44842
2021-01-06T05:34:07+00:00,NLVLI,0.1,328,0.0,moored,3.70674,51.4484
2021-01-06T05:40:09+00:00,NLVLI,0.1,329,0.0,moored,3.70675,51.44842
2021-01-06T05:46:09+00:00,NLVLI,0.1,328,0.0,moored,3.70676,51.4484
2021-01-06T05:49:09+00:00,NLVLI,0.1,328,0.0,moored,3.70676,51.44841
2021-01-06T05:55:09+00:00,NLVLI,0.1,328,0.0,moored,3.70676,51.44841
2021-01-06T06:01:08+00:00,NLVLI,0.1,328,0.0,moored,3.70674,51.4484
2021-01-06T06:04:08+00:00,NLVLI,0.1,328,0.0,moored,3.70674,51.44841
2021-01-06T06:10:08+00:00,NLVLI,0.1,328,0.0,moored,3.70675,51.44842
2021-01-06T06:16:08+00:00,NLVLI,0.1,328,0.0,moored,3.70673,51.44842
2021-01-06T06:19:09+00:00,NLVLI,0.1,328,0.0,moored,3.70677,51.44839
2021-01-06T06:25:09+00:00,NLVLI,0.1,329,0.0,moored,3.70674,51.44844
2021-01-06T06:31:08+00:00,NLVLI,0.1,328,0.0,moored,3.70675,51.44842
2021-01-06T06:34:08+00:00,NLVLI,0.1,329,0.0,moored,3.70674,51.44843
2021-01-06T06:40:08+00:00,NLVLI,0.1,328,0.0,moored,3.70674,51.44842
2021-01-06T06:43:07+00:00,NLVLI,0.1,328,0.0,moored,3.70674,51.44842
2021-01-06T06:49:08+00:00,NLVLI,0.1,329,0.0,moored,3.70675,51.4484
2021-01-06T06:55:08+00:00,NLVLI,0.1,328,0.0,moored,3.70676,51.44841
2021-01-06T07:01:09+00:00,NLVLI,0.1,328,0.0,moored,3.70674,51.44839
2021-01-06T07:04:08+00:00,NLVLI,0.1,328,0.0,moored,3.70673,51.44841
2021-01-06T07:10:08+00:00,NLVLI,0.1,327,0.0,moored,3.70673,51.44841
2021-01-06T07:13:08+00:00,NLVLI,0.1,327,0.0,moored,3.70674,51.4484
2021-01-06T07:19:07+00:00,NLVLI,0.1,328,0.0,moored,3.70676,51.4484
2021-01-06T07:25:09+00:00,NLVLI,0.1,328,0.0,moored,3.70675,51.44842
2021-01-06T07:31:07+00:00,NLVLI,0.1,329,0.0,moored,3.70677,51.44842
2021-01-06T07:34:08+00:00,NLVLI,0.1,328,0.0,moored,3.70677,51.44842
2021-01-06T07:40:09+00:00,NLVLI,0.1,328,0.0,moored,3.70675,51.44841
2021-01-06T07:46:08+00:00,NLVLI,0.1,328,0.0,moored,3.70675,51.4484
2021-01-06T07:49:07+00:00,NLVLI,0.1,327,0.0,moored,3.70675,51.4484
2021-01-06T07:55:09+00:00,NLVLI,0.1,327,0.0,moored,3.70673,51.44842
2021-01-06T08:01:08+00:00,NLVLI,0.1,328,0.0,moored,3.70673,51.44842
2021-01-06T08:04:09+00:00,NLVLI,0.1,327,0.0,moored,3.70675,51.44841
2021-01-06T08:10:08+00:00,NLVLI,0.1,328,0.0,moored,3.70674,51.44843
2021-01-06T08:16:08+00:00,NLVLI,0.1,329,0.0,moored,3.70676,51.44842
2021-01-06T08:19:07+00:00,NLVLI,0.1,328,0.0,moored,3.70675,51.44843
2021-01-06T08:25:09+00:00,NLVLI,0.1,328,0.0,moored,3.70675,51.44843
2021-01-06T08:31:09+00:00,NLVLI,0.1,328,0.0,moored,3.70677,51.44842
2021-01-06T08:34:09+00:00,NLVLI,0.1,329,0.0,moored,3.70674,51.44843
2021-01-06T08:37:09+00:00,NLVLI,0.1,328,0.0,moored,3.70676,51.44842
2021-01-06T08:46:09+00:00,NLVLI,0.1,327,0.0,moored,3.70676,51.4484
2021-01-06T08:49:09+00:00,NLVLI,0.1,328,0.0,moored,3.70675,51.4484
2021-01-06T08:55:08+00:00,NLVLI,0.1,328,0.0,moored,3.70676,51.44841
2021-01-06T09:01:07+00:00,NLVLI,0.1,328,0.0,moored,3.70675,51.44842
2021-01-06T09:04:08+00:00,NLVLI,0.1,328,0.0,moored,3.70674,51.44843
2021-01-06T09:10:08+00:00,NLVLI,0.1,327,0.0,moored,3.70677,51.44842
2021-01-06T09:16:09+00:00,NLVLI,0.1,328,0.0,moored,3.70677,51.44841
2021-01-06T09:19:08+00:00,NLVLI,0.1,327,0.0,moored,3.70676,51.44841
2021-01-06T09:25:07+00:00,NLVLI,0.1,328,0.0,moored,3.70677,51.44841
2021-01-06T09:31:09+00:00,NLVLI,0.1,327,0.0,moored,3.70674,51.44841
2021-01-06T09:34:07+00:00,NLVLI,0.1,328,0.0,moored,3.70678,51.4484
2021-01-06T09:37:09+00:00,NLVLI,0.1,327,0.0,moored,3.70671,51.44845
2021-01-06T09:46:09+00:00,NLVLI,0.1,327,0.0,moored,3.70674,51.44842
2021-01-06T09:49:08+00:00,NLVLI,0.1,327,0.0,moored,3.70678,51.44838
2021-01-06T09:55:08+00:00,NLVLI,0.1,326,0.0,moored,3.70676,51.44842
2021-01-06T10:01:08+00:00,NLVLI,0.1,327,0.0,moored,3.70675,51.44844
2021-01-06T10:01:08+00:00,NLVLI,0.1,327,0.0,moored,3.70675,51.44844
2021-01-06T10:10:08+00:00,NLVLI,0.1,327,0.0,moored,3.70673,51.44847
2021-01-06T10:16:07+00:00,NLVLI,0.1,327,0.0,moored,3.70674,51.44841
2021-01-06T10:19:08+00:00,NLVLI,0.1,328,0.0,moored,3.70675,51.44844
2021-01-06T10:25:08+00:00,NLVLI,0.1,327,0.0,moored,3.70674,51.44845
2021-01-06T10:31:08+00:00,NLVLI,0.1,327,0.0,moored,3.70672,51.44842
2021-01-06T10:34:07+00:00,NLVLI,0.1,328,0.0,moored,3.70676,51.44841
2021-01-06T10:40:08+00:00,NLVLI,0.1,329,0.0,moored,3.70676,51.44842
2021-01-06T10:46:09+00:00,NLVLI,0.1,328,0.0,moored,3.70675,51.44842
2021-01-06T10:49:09+00:00,NLVLI,0.1,329,0.0,moored,3.70676,51.44841
2021-01-06T10:55:08+00:00,NLVLI,0.1,329,0.0,moored,3.70676,51.44841
2021-01-06T11:01:09+00:00,NLVLI,0.1,328,0.0,moored,3.70676,51.44842
2021-01-06T11:04:08+00:00,NLVLI,0.1,328,0.0,moored,3.70677,51.44841
2021-01-06T11:10:08+00:00,NLVLI,0.1,328,0.0,moored,3.70676,51.44842
2021-01-06T11:16:09+00:00,NLVLI,0.1,328,0.0,moored,3.70676,51.44842
2021-01-06T11:19:08+00:00,NLVLI,0.1,328,0.0,moored,3.70675,51.44843
2021-01-06T11:25:09+00:00,NLVLI,0.1,328,0.0,moored,3.70676,51.44841
2021-01-06T11:31:08+00:00,NLVLI,0.1,328,0.0,moored,3.70676,51.44841
2021-01-06T11:34:09+00:00,NLVLI,0.1,329,0.0,moored,3.70674,51.44842
2021-01-06T11:40:08+00:00,NLVLI,0.1,328,0.0,moored,3.70677,51.44839
2021-01-06T11:46:08+00:00,NLVLI,0.1,328,0.0,moored,3.70677,51.44841
2021-01-06T11:49:08+00:00,NLVLI,0.1,327,0.0,moored,3.70675,51.44843
2021-01-06T11:55:09+00:00,NLVLI,0.1,328,0.0,moored,3.70675,51.44842
2021-01-06T12:01:07+00:00,NLVLI,0.1,327,0.0,moored,3.70676,51.44843
2021-01-06T12:04:08+00:00,NLVLI,0.1,327,0.0,moored,3.70676,51.44842
2021-01-06T12:10:08+00:00,NLVLI,0.1,328,0.0,moored,3.70675,51.44842
2021-01-06T12:16:07+00:00,NLVLI,0.1,328,0.0,moored,3.70677,51.44842
2021-01-06T12:19:09+00:00,NLVLI,0.1,328,0.0,moored,3.70678,51.44842
2021-01-06T12:25:09+00:00,NLVLI,0.1,327,0.0,moored,3.70677,51.44842
2021-01-06T12:31:09+00:00,NLVLI,0.1,327,0.0,moored,3.70677,51.44841
2021-01-06T12:34:08+00:00,NLVLI,0.1,328,0.0,moored,3.70677,51.4484
2021-01-06T12:40:08+00:00,NLVLI,0.1,328,0.0,moored,3.70671,51.44841
2021-01-06T12:46:08+00:00,NLVLI,0.1,328,0.0,moored,3.70676,51.44841
2021-01-06T12:49:08+00:00,NLVLI,0.1,328,0.0,moored,3.70676,51.44841
2021-01-06T12:55:08+00:00,NLVLI,0.1,328,0.0,moored,3.70678,51.44844
2021-01-06T13:01:09+00:00,NLVLI,0.1,328,0.0,moored,3.70677,51.44841
2021-01-06T13:04:08+00:00,NLVLI,0.1,328,0.0,moored,3.70677,51.44841
2021-01-06T13:10:08+00:00,NLVLI,0.1,329,0.0,moored,3.70677,51.44841
2021-01-06T13:16:08+00:00,NLVLI,0.1,329,0.0,moored,3.70676,51.44841
2021-01-06T13:19:08+00:00,NLVLI,0.1,328,0.0,moored,3.70676,51.44842
2021-01-06T13:25:08+00:00,NLVLI,0.1,327,0.0,moored,3.70674,51.44839
2021-01-06T13:31:09+00:00,NLVLI,0.1,327,0.0,moored,3.70675,51.44843
2021-01-06T13:34:07+00:00,NLVLI,0.1,327,0.0,moored,3.70675,51.44842
2021-01-06T13:40:08+00:00,NLVLI,0.1,328,0.0,moored,3.70676,51.44841
2021-01-06T13:46:09+00:00,NLVLI,0.1,327,0.0,moored,3.70676,51.44842
2021-01-06T13:46:09+00:00,NLVLI,0.1,327,0.0,moored,3.70676,51.44842
2021-01-06T13:55:07+00:00,NLVLI,0.1,327,0.0,moored,3.70675,51.44843
2021-01-06T14:01:08+00:00,NLVLI,0.1,328,0.0,moored,3.70676,51.44841
2021-01-06T14:04:08+00:00,NLVLI,0.1,328,0.0,moored,3.70675,51.44841
2021-01-06T14:10:08+00:00,NLVLI,0.1,327,0.0,moored,3.70676,51.44841
2021-01-06T14:16:08+00:00,NLVLI,0.1,328,0.0,moored,3.70675,51.44842
2021-01-06T14:19:08+00:00,NLVLI,0.1,328,0.0,moored,3.70676,51.44841
2021-01-06T14:25:08+00:00,NLVLI,0.1,328,0.0,moored,3.70676,51.4484
2021-01-06T14:31:09+00:00,NLVLI,0.1,328,0.0,moored,3.70674,51.4484
2021-01-06T14:34:09+00:00,NLVLI,0.1,328,0.0,moored,3.70675,51.44843
2021-01-06T14:40:09+00:00,NLVLI,0.1,328,0.0,moored,3.70677,51.44841
2021-01-06T14:46:09+00:00,NLVLI,0.1,328,0.0,moored,3.70675,51.44841
2021-01-06T14:49:08+00:00,NLVLI,0.1,327,0.0,moored,3.70674,51.44841
2021-01-06T14:55:09+00:00,NLVLI,0.1,327,0.0,moored,3.70676,51.44838
2021-01-06T15:01:08+00:00,NLVLI,0.1,328,0.0,moored,3.70675,51.4484
2021-01-06T15:04:07+00:00,NLVLI,0.1,328,0.0,moored,3.70675,51.4484
2021-01-06T15:10:09+00:00,NLVLI,0.1,328,0.0,moored,3.70676,51.44841
2021-01-06T15:16:09+00:00,NLVLI,0.1,328,0.0,moored,3.70674,51.4484
2021-01-06T15:19:08+00:00,NLVLI,0.1,328,0.0,moored,3.70674,51.44841
2021-01-06T15:22:07+00:00,NLVLI,0.1,328,0.0,moored,3.70676,51.44838
2021-01-06T15:31:07+00:00,NLVLI,0.1,328,0.0,moored,3.70678,51.44839
2021-01-06T15:34:09+00:00,NLVLI,0.1,328,0.0,moored,3.70676,51.4484
2021-01-06T15:40:08+00:00,NLVLI,0.1,328,0.0,moored,3.70677,51.44838
2021-01-06T15:46:09+00:00,NLVLI,0.1,328,0.0,moored,3.70676,51.44841
2021-01-06T15:49:09+00:00,NLVLI,0.1,328,0.0,moored,3.70675,51.44842
2021-01-06T15:55:09+00:00,NLVLI,0.1,329,0.0,moored,3.70665,51.44851
2021-01-06T15:58:08+00:00,NLVLI,327.0,328,0.1,moored,3.7065,51.44866
2021-01-06T16:04:09+00:00,NLVLI,331.8,329,0.1,moored,3.70634,51.44884
2021-01-06T16:10:09+00:00,NLVLI,0.1,329,0.0,moored,3.70627,51.4489
2021-01-06T16:16:08+00:00,NLVLI,0.1,328,0.0,moored,3.70627,51.4489
2021-01-06T16:16:08+00:00,NLVLI,0.1,328,0.0,moored,3.70627,51.4489
2021-01-06T16:22:08+00:00,NLVLI,0.1,328,0.0,moored,3.70625,51.4489
2021-01-06T16:28:08+00:00,NLVLI,0.1,328,0.0,moored,3.70625,51.4489
2021-01-06T16:34:09+00:00,NLVLI,0.1,328,0.0,moored,3.70625,51.44891
2021-01-06T16:40:09+00:00,NLVLI,0.1,328,0.0,moored,3.70625,51.4489
2021-01-06T16:46:09+00:00,NLVLI,0.1,328,0.0,moored,3.70623,51.44889
2021-01-06T16:49:09+00:00,NLVLI,0.1,327,0.0,moored,3.70626,51.44889
2021-01-06T16:49:09+00:00,NLVLI,0.1,327,0.0,moored,3.70626,51.44889
2021-01-06T17:01:09+00:00,NLVLI,0.1,327,0.0,moored,3.70627,51.44889
2021-01-06T17:01:09+00:00,NLVLI,0.1,327,0.0,moored,3.70627,51.44889
2021-01-06T17:10:08+00:00,NLVLI,0.1,327,0.0,moored,3.70627,51.44891
2021-01-06T17:13:08+00:00,NLVLI,0.1,328,0.0,moored,3.70628,51.4489
2021-01-06T17:19:08+00:00,NLVLI,0.1,329,0.0,moored,3.70625,51.4489
2021-01-06T17:22:09+00:00,NLVLI,0.1,328,0.0,moored,3.70626,51.44892
2021-01-06T17:31:08+00:00,NLVLI,0.1,329,0.0,moored,3.70625,51.4489
2021-01-06T17:34:08+00:00,NLVLI,0.1,328,0.0,moored,3.70625,51.44891
2021-01-06T17:40:08+00:00,NLVLI,0.1,328,0.0,moored,3.70623,51.44891
2021-01-06T17:46:08+00:00,NLVLI,0.1,328,0.0,moored,3.70624,51.44891
2021-01-06T17:49:09+00:00,NLVLI,0.1,328,0.0,moored,3.70625,51.44891
2021-01-06T17:55:08+00:00,NLVLI,0.1,328,0.0,moored,3.70624,51.44892
2021-01-06T18:01:09+00:00,NLVLI,0.1,328,0.0,moored,3.70626,51.4489
2021-01-06T18:04:09+00:00,NLVLI,0.1,328,0.0,moored,3.70626,51.44891
2021-01-06T18:10:07+00:00,NLVLI,0.1,328,0.0,moored,3.70625,51.44892
2021-01-06T18:16:08+00:00,NLVLI,0.1,328,0.0,moored,3.70627,51.44889
2021-01-06T18:19:08+00:00,NLVLI,0.1,328,0.0,moored,3.70625,51.4489
2021-01-06T18:19:08+00:00,NLVLI,0.1,328,0.0,moored,3.70625,51.4489
2021-01-06T18:28:08+00:00,NLVLI,0.1,328,0.0,moored,3.70627,51.4489
2021-01-06T18:34:07+00:00,NLVLI,0.1,328,0.0,moored,3.70623,51.44891
2021-01-06T18:40:09+00:00,NLVLI,0.1,328,0.0,moored,3.70625,51.44891
2021-01-06T18:46:09+00:00,NLVLI,0.1,327,0.0,moored,3.70623,51.44891
2021-01-06T18:49:07+00:00,NLVLI,0.1,328,0.0,moored,3.70623,51.44892
2021-01-06T18:55:08+00:00,NLVLI,0.1,328,0.0,moored,3.70624,51.44889
2021-01-06T19:01:07+00:00,NLVLI,0.1,329,0.0,moored,3.70625,51.4489
2021-01-06T19:04:09+00:00,NLVLI,0.1,328,0.0,moored,3.70623,51.4489
2021-01-06T19:10:08+00:00,NLVLI,0.1,329,0.0,moored,3.70626,51.44891
2021-01-06T19:16:08+00:00,NLVLI,0.1,328,0.0,moored,3.70623,51.4489
2021-01-06T19:16:08+00:00,NLVLI,0.1,328,0.0,moored,3.70623,51.4489
2021-01-06T19:25:08+00:00,NLVLI,0.1,327,0.0,moored,3.70624,51.44889
2021-01-06T19:28:08+00:00,NLVLI,0.1,327,0.0,moored,3.70624,51.44891
2021-01-06T19:28:08+00:00,NLVLI,0.1,327,0.0,moored,3.70624,51.44891
2021-01-06T19:40:08+00:00,NLVLI,0.1,329,0.0,moored,3.70622,51.44889
2021-01-06T19:46:07+00:00,NLVLI,0.1,328,0.0,moored,3.70624,51.4489
2021-01-06T19:49:08+00:00,NLVLI,0.1,328,0.0,moored,3.70623,51.4489
2021-01-06T19:55:08+00:00,NLVLI,0.1,328,0.0,moored,3.70625,51.4489
2021-01-06T19:58:07+00:00,NLVLI,0.1,329,0.0,moored,3.70624,51.44889
2021-01-06T20:04:08+00:00,NLVLI,0.1,328,0.0,moored,3.70625,51.4489
2021-01-06T20:07:09+00:00,NLVLI,0.1,328,0.0,moored,3.70623,51.44887
2021-01-06T20:07:09+00:00,NLVLI,0.1,328,0.0,moored,3.70623,51.44887
2021-01-06T20:19:09+00:00,NLVLI,0.1,329,0.0,moored,3.70626,51.44892
2021-01-06T20:22:08+00:00,NLVLI,0.1,328,0.0,moored,3.70626,51.44891
2021-01-06T20:31:08+00:00,NLVLI,0.1,328,0.0,moored,3.70624,51.44894
2021-01-06T20:34:09+00:00,NLVLI,0.1,328,0.0,moored,3.70624,51.44893
2021-01-06T20:40:07+00:00,NLVLI,0.1,328,0.0,moored,3.70626,51.44891
2021-01-06T20:46:09+00:00,NLVLI,0.1,328,0.0,moored,3.70625,51.4489
2021-01-06T20:49:09+00:00,NLVLI,0.1,328,0.0,moored,3.70625,51.44891
2021-01-06T20:55:08+00:00,NLVLI,0.1,328,0.0,moored,3.70627,51.4489
2021-01-06T21:01:08+00:00,NLVLI,0.1,328,0.0,moored,3.70625,51.4489
2021-01-06T21:04:09+00:00,NLVLI,0.1,327,0.0,moored,3.70628,51.4489
2021-01-06T21:07:07+00:00,NLVLI,0.1,328,0.0,moored,3.70625,51.4489
2021-01-06T21:16:08+00:00,NLVLI,0.1,328,0.0,moored,3.70626,51.44891
2021-01-06T21:16:08+00:00,NLVLI,0.1,328,0.0,moored,3.70626,51.44891
2021-01-06T21:25:08+00:00,NLVLI,0.1,327,0.0,moored,3.70623,51.4489
2021-01-06T21:31:08+00:00,NLVLI,0.1,328,0.0,moored,3.70629,51.4489
2021-01-06T21:34:07+00:00,NLVLI,0.1,328,0.0,moored,3.70626,51.4489
2021-01-06T21:40:09+00:00,NLVLI,0.1,328,0.0,moored,3.70628,51.44893
2021-01-06T21:46:09+00:00,NLVLI,0.1,328,0.0,moored,3.70625,51.44892
2021-01-06T21:49:09+00:00,NLVLI,0.1,328,0.0,moored,3.70625,51.44891
2021-01-06T21:55:08+00:00,NLVLI,0.1,328,0.0,moored,3.70622,51.44892
2021-01-06T22:01:09+00:00,NLVLI,0.1,327,0.0,moored,3.70625,51.44893
2021-01-06T22:04:08+00:00,NLVLI,0.1,328,0.0,moored,3.70624,51.44891
2021-01-06T22:10:07+00:00,NLVLI,0.1,328,0.0,moored,3.70626,51.44892
2021-01-06T22:13:09+00:00,NLVLI,0.1,328,0.0,moored,3.70624,51.44891
2021-01-06T22:19:08+00:00,NLVLI,0.1,329,0.0,moored,3.70626,51.4489
2021-01-06T22:25:09+00:00,NLVLI,0.1,328,0.0,moored,3.70625,51.4489
2021-01-06T22:31:08+00:00,NLVLI,0.1,328,0.0,moored,3.70626,51.44892
2021-01-06T22:34:09+00:00,NLVLI,0.1,328,0.0,moored,3.70626,51.44891
2021-01-06T22:40:09+00:00,NLVLI,0.1,328,0.0,moored,3.70625,51.44892
2021-01-06T22:46:08+00:00,NLVLI,0.1,328,0.0,moored,3.70626,51.44889
2021-01-06T22:49:07+00:00,NLVLI,0.1,328,0.0,moored,3.70625,51.4489
2021-01-06T22:55:09+00:00,NLVLI,0.1,328,0.0,moored,3.70623,51.44892
2021-01-06T23:01:17+00:00,NLVLI,0.1,327,0.0,moored,3.70625,51.4489
2021-01-06T23:04:08+00:00,NLVLI,0.1,327,0.0,moored,3.70624,51.44891
2021-01-06T23:10:08+00:00,NLVLI,0.1,328,0.0,moored,3.70626,51.4489
2021-01-06T23:16:09+00:00,NLVLI,0.1,328,0.0,moored,3.70625,51.4489
2021-01-06T23:19:09+00:00,NLVLI,0.1,328,0.0,moored,3.70627,51.4489
2021-01-06T23:25:07+00:00,NLVLI,0.1,327,0.0,moored,3.70626,51.44892
2021-01-06T23:31:08+00:00,NLVLI,0.1,329,0.0,moored,3.70626,51.44891
2021-01-06T23:34:08+00:00,NLVLI,0.1,329,0.0,moored,3.70625,51.44891
2021-01-06T23:40:08+00:00,NLVLI,0.1,328,0.0,moored,3.70625,51.4489
2021-01-06T23:46:08+00:00,NLVLI,0.1,327,0.0,moored,3.70623,51.44891
2021-01-06T23:49:07+00:00,NLVLI,0.1,328,0.0,moored,3.7062,51.44891
2021-01-06T23:55:08+00:00,NLVLI,0.1,327,0.0,moored,3.70625,51.44892
2021-01-07T00:01:07+00:00,NLVLI,0.1,328,0.0,moored,3.70627,51.4489
2021-01-07T00:04:09+00:00,NLVLI,0.1,328,0.0,moored,3.70624,51.44892
2021-01-07T00:10:08+00:00,NLVLI,0.1,328,0.0,moored,3.70625,51.44891
2021-01-07T00:16:09+00:00,NLVLI,0.1,329,0.0,moored,3.70626,51.44892
2021-01-07T00:19:07+00:00,NLVLI,0.1,328,0.0,moored,3.70627,51.44892
2021-01-07T00:25:08+00:00,NLVLI,0.1,328,0.0,moored,3.70627,51.44891
2021-01-07T00:31:08+00:00,NLVLI,0.1,328,0.0,moored,3.70625,51.44892
2021-01-07T00:34:09+00:00,NLVLI,0.1,328,0.0,moored,3.70625,51.44894
2021-01-07T00:40:11+00:00,NLVLI,0.1,328,0.0,moored,3.70625,51.44892
2021-01-07T00:46:09+00:00,NLVLI,0.1,327,0.0,moored,3.70625,51.44892
2021-01-07T00:49:09+00:00,NLVLI,0.1,327,0.0,moored,3.70626,51.44892
2021-01-07T00:55:08+00:00,NLVLI,0.1,329,0.0,moored,3.70627,51.44891
2021-01-07T01:01:09+00:00,NLVLI,0.1,328,0.0,moored,3.70626,51.44891
2021-01-07T01:04:09+00:00,NLVLI,0.1,328,0.0,moored,3.70626,51.44891
2021-01-07T01:10:09+00:00,NLVLI,0.1,327,0.0,moored,3.70627,51.44892
2021-01-07T01:16:08+00:00,NLVLI,0.1,328,0.0,moored,3.70627,51.44891
2021-01-07T01:19:09+00:00,NLVLI,0.1,327,0.0,moored,3.70624,51.44893
2021-01-07T01:25:08+00:00,NLVLI,0.1,329,0.0,moored,3.70625,51.44892
2021-01-07T01:31:09+00:00,NLVLI,0.1,328,0.0,moored,3.70627,51.44891
2021-01-07T01:34:08+00:00,NLVLI,0.1,328,0.0,moored,3.70625,51.44891
2021-01-07T01:40:08+00:00,NLVLI,0.1,328,0.0,moored,3.70625,51.44892
2021-01-07T01:46:07+00:00,NLVLI,0.1,328,0.0,moored,3.70625,51.44892
2021-01-07T01:49:09+00:00,NLVLI,0.1,328,0.0,moored,3.70625,51.44891
2021-01-07T01:55:09+00:00,NLVLI,0.1,327,0.0,moored,3.70625,51.44892
2021-01-07T02:01:09+00:00,NLVLI,0.1,327,0.0,moored,3.70625,51.44891
2021-01-07T02:04:09+00:00,NLVLI,0.1,328,0.0,moored,3.70626,51.44892
2021-01-07T02:10:09+00:00,NLVLI,0.1,327,0.0,moored,3.70626,51.44894
2021-01-07T02:16:09+00:00,NLVLI,0.1,327,0.0,moored,3.70625,51.44892
2021-01-07T02:19:09+00:00,NLVLI,0.1,327,0.0,moored,3.70627,51.44892
2021-01-07T02:25:09+00:00,NLVLI,0.1,327,0.0,moored,3.70626,51.44892
2021-01-07T02:31:08+00:00,NLVLI,0.1,327,0.0,moored,3.70627,51.44892
2021-01-07T02:31:08+00:00,NLVLI,0.1,327,0.0,moored,3.70627,51.44892
2021-01-07T02:40:07+00:00,NLVLI,0.1,325,0.0,moored,3.70624,51.44893
2021-01-07T02:46:08+00:00,NLVLI,0.1,327,0.0,moored,3.70625,51.44891
2021-01-07T02:49:08+00:00,NOAAV,0.1,328,0.0,moored,3.70626,51.44894
2021-01-07T02:52:08+00:00,NOAAV,0.1,328,0.0,moored,3.70625,51.44891
2021-01-07T03:01:07+00:00,NOAAV,0.1,327,0.0,moored,3.70626,51.44892
2021-01-07T03:04:09+00:00,NOAAV,0.1,327,0.0,moored,3.70626,51.4489
2021-01-07T03:10:09+00:00,NOAAV,0.1,328,0.0,moored,3.70624,51.44891
2021-01-07T03:16:08+00:00,NOAAV,0.1,328,0.0,moored,3.70626,51.44891
2021-01-07T03:19:09+00:00,NOAAV,0.1,328,0.0,moored,3.70625,51.44891
2021-01-07T03:25:09+00:00,NOAAV,0.1,328,0.0,moored,3.70627,51.44892
2021-01-07T03:31:08+00:00,NOAAV,0.1,327,0.0,moored,3.70627,51.4489
2021-01-07T03:34:08+00:00,NOAAV,0.1,327,0.0,moored,3.70623,51.44891
2021-01-07T03:40:07+00:00,NOAAV,0.1,329,0.0,moored,3.70625,51.44891
2021-01-07T03:46:08+00:00,NOAAV,0.1,328,0.0,moored,3.70626,51.44889
2021-01-07T03:49:08+00:00,NOAAV,0.1,329,0.0,moored,3.70624,51.44891
2021-01-07T03:55:08+00:00,NOAAV,324.7,328,0.1,moored,3.70621,51.44895
2021-01-07T04:01:58+00:00,NOAAV,50.1,316,0.2,under-way-using-engine,3.70646,51.44903
2021-01-07T04:06:58+00:00,NOAAV,323.3,321,3.9,under-way-using-engine,3.70483,51.45121
2021-01-07T04:11:55+00:00,NOAAV,304.8,307,6.1,under-way-using-engine,3.696,51.45575
2021-01-07T04:16:58+00:00,NOAAV,243.3,232,5.6,under-way-using-engine,3.68391,51.45867
2021-01-07T04:21:55+00:00,NOAAV,208.3,208,9.0,under-way-using-engine,3.67549,51.45042
2021-01-07T04:26:58+00:00,NOAAV,256.6,258,8.6,under-way-using-engine,3.66039,51.44379
2021-01-07T04:31:56+00:00,NOAAV,255.1,254,8.9,under-way-using-engine,3.64181,51.44057
2021-01-07T04:36:55+00:00,NOAAV,266.9,266,8.7,under-way-using-engine,3.62253,51.43741
2021-01-07T04:41:54+00:00,NOAAV,262.1,262,8.3,under-way-using-engine,3.60382,51.43603
2021-01-07T04:46:58+00:00,NOAAV,281.2,280,8.0,under-way-using-engine,3.58567,51.43479
2021-01-07T04:51:58+00:00,NOAAV,306.6,311,7.8,under-way-using-engine,3.56924,51.43888
2021-01-07T04:56:48+00:00,NOAAV,298.6,298,8.7,under-way-using-engine,3.55543,51.44598
2021-01-07T05:01:55+00:00,NOAAV,288.1,290,8.8,under-way-using-engine,3.53655,51.45052
2021-01-07T05:06:55+00:00,NOAAV,338.2,336,8.3,under-way-using-engine,3.52207,51.457
2021-01-07T05:11:58+00:00,NOAAV,331.0,332,8.5,under-way-using-engine,3.51422,51.46785
2021-01-07T05:16:45+00:00,NOAAV,325.6,325,8.7,under-way-using-engine,3.50471,51.47773
2021-01-07T05:21:58+00:00,NOAAV,314.3,311,9.0,under-way-using-engine,3.49174,51.48777
2021-01-07T05:26:56+00:00,NOAAV,310.9,310,9.0,under-way-using-engine,3.47662,51.49579
2021-01-07T05:31:56+00:00,NOAAV,311.1,310,9.0,under-way-using-engine,3.46134,51.50397
2021-01-07T05:36:55+00:00,NOAAV,309.7,311,9.3,under-way-using-engine,3.44582,51.51213
2021-01-07T05:41:59+00:00,NOAAV,325.4,337,8.9,under-way-using-engine,3.43013,51.52073
2021-01-07T05:46:51+00:00,NOAAV,354.2,354,9.4,under-way-using-engine,3.42671,51.53279
2021-01-07T05:51:48+00:00,NOAAV,354.7,356,10.0,under-way-using-engine,3.42472,51.54617
2021-01-07T05:56:52+00:00,NOAAV,339.6,336,9.4,under-way-using-engine,3.42103,51.55967
2021-01-07T06:01:55+00:00,NOAAV,334.7,330,9.1,under-way-using-engine,3.41253,51.57148
2021-01-07T06:06:44+00:00,NOAAV,331.7,326,8.9,under-way-using-engine,3.40407,51.58244
2021-01-07T06:10:35+00:00,NOAAV,329.8,325,8.9,under-way-using-engine,3.39648,51.59063
2021-01-07T06:16:48+00:00,NOAAV,330.3,325,8.7,under-way-using-engine,3.38448,51.60373
2021-01-07T06:21:41+00:00,NOAAV,331.4,324,8.7,under-way-using-engine,3.37516,51.61413
2021-01-07T06:26:12+00:00,NOAAV,332.0,326,8.8,under-way-using-engine,3.36679,51.62369
2021-01-29T06:17:01+00:00,BEANR,93.4,95,8.8,under-way-using-engine,3.08268,51.39933
2021-01-29T06:22:01+00:00,BEANR,93.1,95,8.7,under-way-using-engine,3.10214,51.39865
2021-01-29T06:26:59+00:00,BEANR,87.5,91,8.5,under-way-using-engine,3.12113,51.39837
2021-01-29T06:31:57+00:00,BEANR,89.7,90,8.5,under-way-using-engine,3.14013,51.39867
2021-01-29T06:36:59+00:00,BEANR,81.0,81,8.5,under-way-using-engine,3.15917,51.39996
2021-01-29T06:41:58+00:00,BEANR,82.3,83,8.5,under-way-using-engine,3.178,51.40158
2021-01-29T06:47:00+00:00,BEANR,83.8,83,8.2,under-way-using-engine,3.19646,51.40305
2021-01-29T06:51:58+00:00,BEANR,82.2,82,8.0,under-way-using-engine,3.21435,51.40429
2021-01-29T06:56:58+00:00,BEANR,77.6,81,7.8,under-way-using-engine,3.23158,51.40637
2021-01-29T07:01:59+00:00,BEANR,94.1,94,7.4,under-way-using-engine,3.24826,51.4078
2021-01-29T07:07:01+00:00,BEANR,94.9,95,7.4,under-way-using-engine,3.26483,51.40672
2021-01-29T07:11:58+00:00,BEANR,95.0,97,7.6,under-way-using-engine,3.28128,51.40576
2021-01-29T07:16:58+00:00,BEANR,94.8,94,7.6,under-way-using-engine,3.29796,51.40482
2021-01-29T07:21:58+00:00,BEANR,95.9,94,7.5,under-way-using-engine,3.31479,51.40377
2021-01-29T07:26:58+00:00,BEANR,90.5,88,7.6,under-way-using-engine,3.33196,51.40296
2021-01-29T07:32:01+00:00,BEANR,83.9,86,8.1,under-way-using-engine,3.34985,51.40446
2021-01-29T07:36:55+00:00,BEANR,85.7,85,8.2,under-way-using-engine,3.3676,51.40545
2021-01-29T07:41:58+00:00,BEANR,86.5,85,8.3,under-way-using-engine,3.38596,51.40629
2021-01-29T07:47:01+00:00,BEANR,85.1,85,8.6,under-way-using-engine,3.40497,51.40723
2021-01-29T07:51:57+00:00,BEANR,84.1,83,8.7,under-way-using-engine,3.42404,51.40836
2021-01-29T07:56:57+00:00,BEANR,81.1,80,8.9,under-way-using-engine,3.4436,51.40989
2021-01-29T08:01:59+00:00,BEANR,81.8,81,8.9,under-way-using-engine,3.46318,51.41179
2021-01-29T08:06:59+00:00,BEANR,78.7,79,8.9,under-way-using-engine,3.48265,51.41406
2021-01-29T08:11:57+00:00,BEANR,80.6,80,9.1,under-way-using-engine,3.50204,51.41641
2021-01-29T08:16:58+00:00,BEANR,83.8,84,9.4,under-way-using-engine,3.52236,51.41826
2021-01-29T08:22:02+00:00,BEANR,83.6,83,9.8,under-way-using-engine,3.54409,51.42
2021-01-29T08:26:58+00:00,BEANR,83.9,84,7.9,under-way-using-engine,3.56399,51.42141
2021-01-29T08:31:59+00:00,BEANR,85.7,84,6.5,under-way-using-engine,3.58009,51.42249
2021-01-29T08:36:59+00:00,BEANR,69.8,69,7.8,under-way-using-engine,3.59496,51.42565
2021-01-29T08:41:58+00:00,BEANR,118.4,121,10.0,under-way-using-engine,3.61394,51.42327
2021-01-29T08:46:58+00:00,BEANR,93.3,94,10.2,under-way-using-engine,3.63534,51.41922
2021-01-29T08:51:59+00:00,BEANR,96.1,101,10.6,under-way-using-engine,3.65871,51.41876
2021-01-29T08:57:01+00:00,BEANR,137.4,140,10.2,under-way-using-engine,3.6788,51.41157
2021-01-29T09:01:58+00:00,BEANR,139.9,141,10.4,under-way-using-engine,3.69346,51.40055
2021-01-29T09:06:58+00:00,BEANR,140.4,141,9.9,under-way-using-engine,3.70798,51.38977
2021-01-29T09:11:58+00:00,BEANR,132.8,133,9.9,under-way-using-engine,3.72177,51.37913
2021-01-29T09:16:57+00:00,BEANR,123.5,124,10.1,under-way-using-engine,3.73914,51.37041
2021-01-29T09:21:58+00:00,BEANR,119.9,121,10.1,under-way-using-engine,3.75839,51.36294
2021-01-29T09:26:58+00:00,BEANR,118.6,119,10.1,under-way-using-engine,3.77781,51.35586
2021-01-29T09:31:57+00:00,BEANR,117.7,119,10.2,under-way-using-engine,3.79772,51.34911
2021-01-29T09:36:57+00:00,BEANR,99.3,100,10.4,under-way-using-engine,3.81968,51.3459
2021-01-29T09:41:58+00:00,BEANR,85.8,86,10.2,under-way-using-engine,3.84253,51.34463
2021-01-29T09:46:58+00:00,BEANR,74.4,76,10.6,under-way-using-engine,3.86513,51.34788
2021-01-29T09:51:58+00:00,BEANR,60.2,60,10.9,under-way-using-engine,3.88711,51.35346
2021-01-29T09:57:01+00:00,BEANR,56.1,53,11.2,under-way-using-engine,3.90866,51.36133
2021-01-29T10:01:57+00:00,BEANR,52.2,53,11.3,under-way-using-engine,3.92847,51.37069
2021-01-29T10:07:01+00:00,BEANR,43.7,43,11.1,under-way-using-engine,3.9469,51.38159
2021-01-29T10:11:59+00:00,BEANR,13.1,13,11.0,under-way-using-engine,3.95568,51.39555
2021-01-29T10:17:01+00:00,BEANR,12.9,15,11.3,under-way-using-engine,3.96159,51.41074
2021-01-29T10:21:59+00:00,BEANR,25.7,27,11.1,under-way-using-engine,3.97106,51.42501
2021-01-29T10:27:01+00:00,BEANR,74.1,75,10.8,under-way-using-engine,3.98804,51.43553
2021-01-29T10:31:58+00:00,BEANR,121.2,124,11.3,under-way-using-engine,4.01083,51.43239
2021-01-29T10:36:59+00:00,BEANR,153.8,153,11.4,under-way-using-engine,4.02732,51.4208
2021-01-29T10:41:59+00:00,BEANR,174.7,177,11.0,under-way-using-engine,4.03333,51.40581
2021-01-29T10:46:59+00:00,BEANR,174.4,175,11.1,under-way-using-engine,4.0358,51.39056
2021-01-29T10:51:55+00:00,BEANR,127.4,123,11.6,under-way-using-engine,4.04617,51.37678
2021-01-29T10:56:58+00:00,BEANR,102.9,103,11.9,under-way-using-engine,4.07055,51.37091
2021-01-29T11:01:58+00:00,BEANR,96.5,96,12.0,under-way-using-engine,4.09663,51.36793
2021-01-29T11:06:58+00:00,BEANR,78.8,81,12.5,under-way-using-engine,4.12337,51.36988
2021-01-29T11:12:02+00:00,BEANR,55.2,51,12.1,under-way-using-engine,4.14969,51.37537
2021-01-29T11:16:58+00:00,BEANR,45.4,45,11.6,under-way-using-engine,4.16794,51.38674
2021-01-29T11:21:57+00:00,BEANR,70.2,78,11.0,under-way-using-engine,4.18673,51.39735
2021-01-29T11:27:01+00:00,BEANR,150.3,157,10.4,under-way-using-engine,4.20798,51.39279
2021-01-29T11:31:49+00:00,BEANR,165.4,164,11.1,under-way-using-engine,4.21392,51.37904
2021-01-29T11:36:57+00:00,BEANR,150.4,146,11.7,under-way-using-engine,4.22217,51.36351
2021-01-29T11:41:57+00:00,BEANR,112.2,111,11.1,under-way-using-engine,4.24246,51.35459
2021-01-29T11:46:59+00:00,BEANR,110.8,110,7.5,under-way-using-engine,4.26265,51.3495
2021-01-29T11:51:47+00:00,BEANR,96.8,99,4.2,under-way-using-engine,4.27441,51.34712
2021-01-29T11:56:57+00:00,BEANR,93.2,95,2.4,under-way-using-engine,4.28174,51.34651
2021-01-29T12:01:57+00:00,BEANR,93.9,93,1.6,under-way-using-engine,4.28574,51.34628
2021-01-29T12:06:57+00:00,BEANR,0.1,95,0.0,under-way-using-engine,4.28718,51.3463
2021-01-29T12:12:00+00:00,BEANR,0.1,95,0.0,under-way-using-engine,4.28724,51.34636
2021-01-29T12:17:00+00:00,BEANR,0.1,96,0.0,under-way-using-engine,4.28724,51.34634
2021-01-29T12:22:00+00:00,BEANR,0.1,95,0.0,under-way-using-engine,4.28724,51.34634
2021-01-29T12:26:57+00:00,BEANR,0.1,96,0.0,under-way-using-engine,4.28727,51.34634
2021-01-29T12:32:00+00:00,BEANR,0.1,96,0.0,under-way-using-engine,4.28724,51.34634
2021-01-29T12:37:00+00:00,BEANR,0.1,96,0.0,under-way-using-engine,4.28724,51.34635
2021-01-29T12:42:00+00:00,BEANR,0.1,96,0.0,under-way-using-engine,4.28725,51.34635
2021-01-29T12:47:00+00:00,BEANR,0.1,95,0.0,under-way-using-engine,4.28725,51.34635
2021-01-29T12:52:00+00:00,BEANR,109.2,123,6.3,under-way-using-engine,4.29248,51.34567
2021-01-29T12:57:00+00:00,BEANR,157.3,157,7.0,under-way-using-engine,4.2995,51.33683
2021-01-29T13:01:59+00:00,BEANR,165.5,169,3.2,under-way-using-engine,4.30376,51.33054
2021-01-29T13:06:55+00:00,BEANR,221.0,55,1.4,under-way-using-engine,4.30435,51.32825
2021-01-29T13:11:53+00:00,BEANR,234.8,45,0.3,under-way-using-engine,4.30175,51.32712
2021-01-29T13:16:53+00:00,BEANR,0.1,44,0.0,under-way-using-engine,4.30164,51.32708
2021-01-29T13:21:53+00:00,BEANR,0.1,42,0.0,under-way-using-engine,4.30155,51.32703
2021-01-29T13:26:52+00:00,BEANR,0.1,44,0.0,under-way-using-engine,4.3015,51.32702
2021-01-29T13:30:27+00:00,BEANR,0.1,45,0.0,moored,4.30151,51.32702
2021-01-29T13:36:28+00:00,BEANR,0.1,45,0.0,moored,4.30148,51.32702
2021-01-29T13:36:28+00:00,BEANR,0.1,45,0.0,moored,4.30148,51.32702
2021-01-29T13:36:28+00:00,BEANR,0.1,45,0.0,moored,4.30148,51.32702
2021-01-29T13:51:29+00:00,BEANR,0.1,43,0.0,moored,4.30151,51.327
2021-01-29T13:51:29+00:00,BEANR,0.1,43,0.0,moored,4.30151,51.327
2021-01-29T14:00:28+00:00,BEANR,0.1,44,0.0,moored,4.30149,51.32701
2021-01-29T14:06:27+00:00,BEANR,0.1,44,0.0,moored,4.30151,51.32702
2021-01-29T14:09:28+00:00,BEANR,0.1,44,0.0,moored,4.30151,51.327
2021-01-29T14:15:29+00:00,BEANR,0.1,44,0.0,moored,4.30149,51.327
2021-01-29T14:21:27+00:00,BEANR,0.1,44,0.0,moored,4.3015,51.327
2021-01-29T14:24:27+00:00,BEANR,0.1,44,0.0,moored,4.30152,51.32701
2021-01-29T14:30:28+00:00,BEANR,0.1,44,0.0,moored,4.3015,51.32701
2021-01-29T14:30:28+00:00,BEANR,0.1,44,0.0,moored,4.3015,51.32701
2021-01-29T14:39:27+00:00,BEANR,0.1,45,0.0,moored,4.3015,51.32701
2021-01-29T14:45:27+00:00,BEANR,0.1,45,0.0,moored,4.30146,51.32701
2021-01-29T14:51:29+00:00,BEANR,0.1,44,0.0,moored,4.30149,51.32701
2021-01-29T14:51:29+00:00,BEANR,0.1,44,0.0,moored,4.30149,51.32701
2021-01-29T14:57:29+00:00,BEANR,0.1,44,0.0,moored,4.3015,51.327
2021-01-29T15:06:27+00:00,BEANR,0.1,45,0.0,moored,4.30149,51.327
2021-01-29T15:06:27+00:00,BEANR,0.1,45,0.0,moored,4.30149,51.327
2021-01-29T15:06:27+00:00,BEANR,0.1,45,0.0,moored,4.30149,51.327
2021-01-29T15:18:27+00:00,BEANR,0.1,44,0.0,moored,4.3015,51.32701
2021-01-29T15:24:28+00:00,BEANR,0.1,44,0.0,moored,4.30149,51.32702
2021-01-29T15:24:28+00:00,BEANR,0.1,44,0.0,moored,4.30149,51.32702
2021-01-29T15:36:28+00:00,BEANR,0.1,44,0.0,moored,4.30151,51.32701
2021-01-29T15:39:29+00:00,BEANR,0.1,44,0.0,moored,4.30151,51.32702
2021-01-29T15:39:29+00:00,BEANR,0.1,44,0.0,moored,4.30151,51.32702
2021-01-29T15:48:28+00:00,BEANR,0.1,43,0.0,moored,4.30149,51.327
2021-01-29T15:48:28+00:00,BEANR,0.1,43,0.0,moored,4.30149,51.327
2021-01-29T16:00:28+00:00,BEANR,0.1,42,0.0,moored,4.3015,51.32702
2021-01-29T16:03:28+00:00,BEANR,0.1,43,0.0,moored,4.30148,51.32702
2021-01-29T16:09:28+00:00,BEANR,0.1,43,0.0,moored,4.30149,51.32701
2021-01-29T16:12:28+00:00,BEANR,0.1,45,0.0,moored,4.30149,51.32702
2021-01-29T16:21:28+00:00,BEANR,0.1,45,0.0,moored,4.30148,51.32701
2021-01-29T16:24:29+00:00,BEANR,0.1,44,0.0,moored,4.30149,51.32701
2021-01-29T16:27:28+00:00,BEANR,0.1,43,0.0,moored,4.30148,51.327
2021-01-29T16:36:28+00:00,BEANR,0.1,44,0.0,moored,4.30151,51.32701
2021-01-29T16:39:28+00:00,BEANR,0.1,44,0.0,moored,4.30153,51.32698
2021-01-29T16:45:28+00:00,BEANR,0.1,45,0.0,moored,4.30147,51.32703
2021-01-29T16:45:28+00:00,BEANR,0.1,45,0.0,moored,4.30147,51.32703
2021-01-29T16:45:28+00:00,BEANR,0.1,45,0.0,moored,4.30147,51.32703
2021-01-29T16:45:28+00:00,BEANR,0.1,45,0.0,moored,4.30147,51.32703
2021-01-29T16:45:28+00:00,BEANR,0.1,45,0.0,moored,4.30147,51.32703
2021-01-29T17:15:28+00:00,BEANR,0.1,44,0.0,moored,4.30152,51.32701
2021-01-29T17:21:27+00:00,BEANR,0.1,44,0.0,moored,4.30149,51.327
2021-01-29T17:24:27+00:00,BEANR,0.1,44,0.0,moored,4.30149,51.327
2021-01-29T17:27:28+00:00,BEANR,0.1,44,0.0,moored,4.30148,51.327
2021-01-29T17:36:27+00:00,BEANR,0.1,44,0.0,moored,4.3015,51.32701
2021-01-29T17:39:28+00:00,BEANR,0.1,43,0.0,moored,4.3015,51.32701
2021-01-29T17:45:28+00:00,BEANR,0.1,45,0.0,moored,4.30148,51.32701
2021-01-29T17:51:28+00:00,BEANR,0.1,45,0.0,moored,4.30148,51.32702
2021-01-29T17:54:28+00:00,BEANR,0.1,45,0.0,moored,4.30151,51.32701
2021-01-29T18:00:28+00:00,BEANR,0.1,44,0.0,moored,4.3015,51.32702
2021-01-29T18:06:29+00:00,BEANR,0.1,45,0.0,moored,4.30149,51.32702
2021-01-29T18:09:27+00:00,BEANR,0.1,44,0.0,moored,4.30151,51.32702
2021-01-29T18:12:28+00:00,BEANR,0.1,45,0.0,moored,4.30149,51.32703
2021-01-29T18:18:29+00:00,BEANR,0.1,45,0.0,moored,4.30148,51.32703
2021-01-29T18:24:29+00:00,BEANR,0.1,44,0.0,moored,4.30149,51.32702
2021-01-29T18:30:27+00:00,BEANR,0.1,44,0.0,moored,4.30152,51.32702
2021-01-29T18:36:28+00:00,BEANR,0.1,45,0.0,moored,4.30152,51.32704
2021-01-29T18:36:28+00:00,BEANR,0.1,45,0.0,moored,4.30152,51.32704
2021-01-29T18:42:28+00:00,BEANR,0.1,44,0.0,moored,4.30149,51.327
2021-01-29T18:51:29+00:00,BEANR,0.1,44,0.0,moored,4.30149,51.327
2021-01-29T18:54:28+00:00,BEANR,0.1,43,0.0,moored,4.30149,51.32702
2021-01-29T18:57:28+00:00,BEANR,0.1,44,0.0,moored,4.30152,51.32703
2021-01-29T19:03:29+00:00,BEANR,0.1,44,0.0,moored,4.30152,51.32703
2021-01-29T19:09:28+00:00,BEANR,0.1,44,0.0,moored,4.30149,51.32701
2021-01-29T19:12:28+00:00,BEANR,0.1,44,0.0,moored,4.30149,51.32702
2021-01-29T19:18:27+00:00,BEANR,0.1,45,0.0,moored,4.30149,51.32703
2021-01-29T19:24:28+00:00,BEANR,0.1,45,0.0,moored,4.30151,51.32701
2021-01-29T19:24:28+00:00,BEANR,0.1,45,0.0,moored,4.30151,51.32701
2021-01-29T19:36:28+00:00,BEANR,0.1,44,0.0,moored,4.3015,51.32701
2021-01-29T19:39:28+00:00,BEANR,0.1,44,0.0,moored,4.3015,51.32703
2021-01-29T19:45:27+00:00,BEANR,0.1,45,0.0,moored,4.3015,51.32702
2021-01-29T19:51:28+00:00,BEANR,0.1,44,0.0,moored,4.30148,51.32701
2021-01-29T19:54:28+00:00,BEANR,0.1,44,0.0,moored,4.30148,51.32702
2021-01-29T19:57:29+00:00,BEANR,0.1,43,0.0,moored,4.3015,51.32702
2021-01-29T20:06:29+00:00,BEANR,0.1,44,0.0,moored,4.30149,51.32702
2021-01-29T20:09:28+00:00,BEANR,0.1,43,0.0,moored,4.30147,51.32701
2021-01-29T20:12:28+00:00,BEANR,0.1,44,0.0,moored,4.30151,51.32701
2021-01-29T20:21:27+00:00,BEANR,0.1,44,0.0,moored,4.30149,51.32703
2021-01-29T20:21:27+00:00,BEANR,0.1,44,0.0,moored,4.30149,51.32703
2021-01-29T20:30:28+00:00,BEANR,0.1,44,0.0,moored,4.3015,51.32703
2021-01-29T20:36:27+00:00,BEANR,0.1,44,0.0,moored,4.30152,51.32704
2021-01-29T20:36:27+00:00,BEANR,0.1,44,0.0,moored,4.30152,51.32704
2021-01-29T20:45:28+00:00,BEANR,0.1,44,0.0,moored,4.3015,51.32702
2021-01-29T20:51:28+00:00,BEANR,0.1,44,0.0,moored,4.3015,51.32703
2021-01-29T20:54:29+00:00,BEANR,0.1,44,0.0,moored,4.30152,51.32703
2021-01-29T21:00:27+00:00,BEANR,0.1,44,0.0,moored,4.30143,51.32706
2021-01-29T21:06:28+00:00,BEANR,0.1,44,0.0,moored,4.3015,51.32702
2021-01-29T21:09:28+00:00,BEANR,0.1,44,0.0,moored,4.30148,51.32701
2021-01-29T21:15:27+00:00,BEANR,0.1,45,0.0,moored,4.30148,51.32703
2021-01-29T21:18:28+00:00,BEANR,0.1,44,0.0,moored,4.30149,51.32702
2021-01-29T21:24:28+00:00,BEANR,0.1,45,0.0,moored,4.3015,51.32703
2021-01-29T21:30:28+00:00,BEANR,0.1,45,0.0,moored,4.30149,51.32703
2021-01-29T21:36:28+00:00,BEANR,0.1,45,0.0,moored,4.30146,51.32701
2021-01-29T21:39:28+00:00,BEANR,0.1,45,0.0,moored,4.30148,51.32702
2021-01-29T21:45:28+00:00,BEANR,0.1,44,0.0,moored,4.30149,51.32702
2021-01-29T21:51:27+00:00,BEANR,0.1,43,0.0,moored,4.30145,51.32703
2021-01-29T21:51:27+00:00,BEANR,0.1,43,0.0,moored,4.30145,51.32703
2021-01-29T22:00:27+00:00,BEANR,0.1,44,0.0,moored,4.30148,51.32702
2021-01-29T22:06:29+00:00,BEANR,0.1,43,0.0,moored,4.30148,51.32702
2021-01-29T22:09:28+00:00,BEANR,0.1,44,0.0,moored,4.3015,51.32703
2021-01-29T22:15:28+00:00,BEANR,0.1,45,0.0,moored,4.30151,51.32702
2021-01-29T22:21:28+00:00,BEANR,0.1,44,0.0,moored,4.30149,51.32703
2021-01-29T22:21:28+00:00,BEANR,0.1,44,0.0,moored,4.30149,51.32703
2021-01-29T22:21:28+00:00,BEANR,0.1,44,0.0,moored,4.30149,51.32703
2021-01-29T22:36:28+00:00,BEANR,0.1,45,0.0,moored,4.30147,51.32704
2021-01-29T22:39:28+00:00,BEANR,0.1,45,0.0,moored,4.30146,51.32705
2021-01-29T22:45:27+00:00,BEANR,0.1,45,0.0,moored,4.30149,51.32703
2021-01-29T22:51:28+00:00,BEANR,0.1,44,0.0,moored,4.3015,51.32703
2021-01-29T22:54:29+00:00,BEANR,0.1,43,0.0,moored,4.30149,51.32702
2021-01-29T22:54:29+00:00,BEANR,0.1,43,0.0,moored,4.30149,51.32702
2021-01-29T23:06:28+00:00,BEANR,0.1,43,0.0,moored,4.30149,51.32704
2021-01-29T23:09:29+00:00,BEANR,0.1,43,0.0,moored,4.30146,51.32703
2021-01-29T23:15:27+00:00,BEANR,0.1,44,0.0,moored,4.30152,51.32703
2021-01-29T23:21:27+00:00,BEANR,0.1,45,0.0,moored,4.30152,51.32702
2021-01-29T23:24:28+00:00,BEANR,0.1,45,0.0,moored,4.30148,51.32703
2021-01-29T23:30:29+00:00,BEANR,0.1,44,0.0,moored,4.3015,51.32703
2021-01-29T23:36:27+00:00,BEANR,0.1,45,0.0,moored,4.30151,51.32703
2021-01-29T23:39:28+00:00,BEANR,0.1,45,0.0,moored,4.3015,51.32702
2021-01-29T23:39:28+00:00,BEANR,0.1,45,0.0,moored,4.3015,51.32702
2021-01-29T23:51:28+00:00,BEANR,0.1,44,0.0,moored,4.30149,51.32703
2021-01-29T23:54:27+00:00,BEANR,0.1,45,0.0,moored,4.30149,51.32703
2021-01-30T00:00:27+00:00,BEANR,0.1,45,0.0,moored,4.30149,51.32703
2021-01-30T00:06:28+00:00,BEANR,0.1,44,0.0,moored,4.30151,51.32703
2021-01-30T00:06:28+00:00,BEANR,0.1,44,0.0,moored,4.30151,51.32703
2021-01-30T00:15:28+00:00,BEANR,0.1,44,0.0,moored,4.30149,51.32701
2021-01-30T00:18:29+00:00,BEANR,0.1,44,0.0,moored,4.30148,51.32702
2021-01-30T00:24:28+00:00,BEANR,0.1,44,0.0,moored,4.3015,51.32702
2021-01-30T00:30:29+00:00,BEANR,0.1,43,0.0,moored,4.3015,51.327
2021-01-30T00:36:27+00:00,BEANR,0.1,44,0.0,moored,4.30151,51.32702
2021-01-30T00:39:27+00:00,BEANR,0.1,43,0.0,moored,4.30151,51.32702
2021-01-30T00:45:28+00:00,BEANR,0.1,44,0.0,moored,4.3015,51.32702
2021-01-30T00:51:28+00:00,BEANR,0.1,43,0.0,moored,4.30151,51.32703
2021-01-30T00:54:28+00:00,BEANR,0.1,44,0.0,moored,4.30149,51.32702
2021-01-30T01:00:27+00:00,BEANR,0.1,44,0.0,moored,4.3015,51.32701
2021-01-30T01:03:29+00:00,BEANR,0.1,45,0.0,moored,4.30152,51.32702
2021-01-30T01:09:28+00:00,BEANR,0.1,44,0.0,moored,4.3015,51.32702
2021-01-30T01:12:28+00:00,BEANR,0.1,45,0.0,moored,4.3015,51.32702
2021-01-30T01:21:28+00:00,BEANR,0.1,44,0.0,moored,4.30149,51.32702
2021-01-30T01:24:29+00:00,BEANR,0.1,45,0.0,moored,4.30148,51.32703
2021-01-30T01:30:28+00:00,BEANR,0.1,44,0.0,moored,4.3015,51.32701
2021-01-30T01:36:27+00:00,BEANR,0.1,44,0.0,moored,4.3015,51.327
2021-01-30T01:39:27+00:00,BEANR,0.1,44,0.0,moored,4.3015,51.32702
2021-01-30T01:42:29+00:00,BEANR,0.1,44,0.0,moored,4.30152,51.32703
2021-01-30T01:51:27+00:00,BEANR,0.1,44,0.0,moored,4.3015,51.32701
2021-01-30T01:54:28+00:00,BEANR,0.1,43,0.0,moored,4.30145,51.32702
2021-01-30T02:00:27+00:00,BEANR,0.1,45,0.0,moored,4.30149,51.32702
2021-01-30T02:06:29+00:00,BEANR,0.1,44,0.0,moored,4.3015,51.32702
2021-01-30T02:09:27+00:00,BEANR,0.1,44,0.0,moored,4.30151,51.32701
2021-01-30T02:15:27+00:00,BEANR,0.1,44,0.0,moored,4.30152,51.32703
2021-01-30T02:21:28+00:00,BEANR,0.1,44,0.0,moored,4.30148,51.32701
2021-01-30T02:24:28+00:00,BEANR,0.1,44,0.0,moored,4.30145,51.32699
2021-01-30T02:30:28+00:00,BEANR,0.1,44,0.0,moored,4.30153,51.32702
2021-01-30T02:36:28+00:00,BEANR,0.1,43,0.0,moored,4.30151,51.32702
2021-01-30T02:39:29+00:00,BEANR,0.1,44,0.0,moored,4.3015,51.32702
2021-01-30T02:45:27+00:00,BEANR,0.1,43,0.0,moored,4.30151,51.32702
2021-01-30T02:48:28+00:00,BEANR,0.1,44,0.0,moored,4.30148,51.32701
2021-01-30T02:54:29+00:00,BEANR,0.1,44,0.0,moored,4.30147,51.32702
2021-01-30T03:00:29+00:00,BEANR,0.1,44,0.0,moored,4.30148,51.32703
2021-01-30T03:06:29+00:00,BEANR,0.1,44,0.0,moored,4.30144,51.32703
2021-01-30T03:09:27+00:00,BEANR,0.1,45,0.0,moored,4.30148,51.32704
2021-01-30T03:15:28+00:00,BEANR,0.1,44,0.0,moored,4.30148,51.327
2021-01-30T03:21:28+00:00,BEANR,0.1,44,0.0,moored,4.30149,51.32701
2021-01-30T03:24:28+00:00,BEANR,0.1,44,0.0,moored,4.30149,51.32701
2021-01-30T03:27:27+00:00,BEANR,0.1,44,0.0,moored,4.30149,51.32701
2021-01-30T03:36:27+00:00,BEANR,0.1,44,0.0,moored,4.30147,51.32702
2021-01-30T03:36:27+00:00,BEANR,0.1,44,0.0,moored,4.30147,51.32702
2021-01-30T03:45:28+00:00,BEANR,0.1,44,0.0,moored,4.30149,51.32702
2021-01-30T03:51:28+00:00,BEANR,0.1,44,0.0,moored,4.30152,51.32703
2021-01-30T03:51:28+00:00,BEANR,0.1,44,0.0,moored,4.30152,51.32703
2021-01-30T04:00:28+00:00,BEANR,0.1,44,0.0,moored,4.30151,51.32703
2021-01-30T04:06:28+00:00,BEANR,0.1,44,0.0,moored,4.30148,51.32701
2021-01-30T04:09:27+00:00,BEANR,0.1,44,0.0,moored,4.3015,51.32702
2021-01-30T04:15:27+00:00,BEANR,0.1,44,0.0,moored,4.30148,51.32701
2021-01-30T04:21:28+00:00,BEANR,0.1,43,0.0,moored,4.30148,51.32701
2021-01-30T04:24:28+00:00,BEANR,0.1,44,0.0,moored,4.3015,51.32701
2021-01-30T04:30:28+00:00,BEANR,0.1,44,0.0,moored,4.30152,51.32702
2021-01-30T04:36:29+00:00,BEANR,0.1,43,0.0,moored,4.30151,51.32701
2021-01-30T04:39:28+00:00,BEANR,0.1,43,0.0,moored,4.30149,51.32702
2021-01-30T04:45:27+00:00,BEANR,0.1,44,0.0,moored,4.30148,51.32704
2021-01-30T04:51:28+00:00,BEANR,0.1,44,0.0,moored,4.30148,51.32701
2021-01-30T04:54:27+00:00,BEANR,0.1,44,0.0,moored,4.30152,51.32702
2021-01-30T05:00:28+00:00,BEANR,0.1,44,0.0,moored,4.30149,51.32702
2021-01-30T05:06:28+00:00,BEANR,0.1,45,0.0,moored,4.30152,51.32703
2021-01-30T05:09:27+00:00,BEANR,0.1,44,0.0,moored,4.30149,51.32702
2021-01-30T05:15:28+00:00,BEANR,0.1,44,0.0,moored,4.30149,51.32702
2021-01-30T05:21:28+00:00,BEANR,0.1,43,0.0,moored,4.3015,51.32703
2021-01-30T05:24:28+00:00,BEANR,0.1,44,0.0,moored,4.3015,51.32702
2021-01-30T05:30:29+00:00,BEANR,0.1,44,0.0,moored,4.30151,51.32702
2021-01-30T05:36:27+00:00,BEANR,0.1,44,0.0,moored,4.30148,51.32701
2021-01-30T05:39:27+00:00,BEANR,0.1,45,0.0,moored,4.3015,51.32702
2021-01-30T05:45:27+00:00,BEANR,0.1,44,0.0,moored,4.30151,51.32703
2021-01-30T05:51:29+00:00,BEANR,0.1,44,0.0,moored,4.30152,51.32702
2021-01-30T05:54:27+00:00,BEANR,0.1,44,0.0,moored,4.30151,51.32702
2021-01-30T06:00:27+00:00,BEANR,0.1,45,0.0,moored,4.30151,51.32704
2021-01-30T06:06:27+00:00,BEANR,0.1,45,0.0,moored,4.30151,51.32701
2021-01-30T06:09:29+00:00,BEANR,0.1,43,0.0,moored,4.3015,51.32701
2021-01-30T06:15:28+00:00,BEANR,0.1,43,0.0,moored,4.30147,51.32704
2021-01-30T06:18:29+00:00,BEANR,0.1,44,0.0,moored,4.30146,51.32703
2021-01-30T06:24:29+00:00,BEANR,0.1,45,0.0,moored,4.3015,51.32703
2021-01-30T06:30:29+00:00,BEANR,0.1,45,0.0,moored,4.30146,51.32702
2021-01-30T06:36:27+00:00,BEANR,0.1,44,0.0,moored,4.30149,51.32701
2021-01-30T06:39:27+00:00,BEANR,0.1,44,0.0,moored,4.30149,51.32703
2021-01-30T06:45:28+00:00,BEANR,0.1,44,0.0,moored,4.30148,51.32702
2021-01-30T06:51:27+00:00,BEANR,0.1,44,0.0,moored,4.30151,51.32702
2021-01-30T06:54:29+00:00,BEANR,0.1,44,0.0,moored,4.3015,51.32702
2021-01-30T07:00:27+00:00,BEANR,0.1,45,0.0,moored,4.30149,51.32702
2021-01-30T07:06:28+00:00,BEANR,0.1,44,0.0,moored,4.30149,51.32704
2021-01-30T07:09:29+00:00,BEANR,0.1,45,0.0,moored,4.3015,51.32703
2021-01-30T07:15:27+00:00,BEANR,0.1,45,0.0,moored,4.30148,51.32703
2021-01-30T07:21:29+00:00,BEANR,0.1,45,0.0,moored,4.30147,51.32704
2021-01-30T07:24:28+00:00,BEANR,0.1,45,0.0,moored,4.30147,51.32703
2021-01-30T07:30:27+00:00,BEANR,0.1,45,0.0,moored,4.30147,51.32701
2021-01-30T07:36:27+00:00,BEANR,0.1,44,0.0,moored,4.30151,51.32703
2021-01-30T07:39:28+00:00,BEANR,0.1,45,0.0,moored,4.3015,51.32703
2021-01-30T07:45:28+00:00,BEANR,0.1,45,0.0,moored,4.3015,51.32701
2021-01-30T07:51:27+00:00,BEANR,0.1,44,0.0,moored,4.3015,51.32701
2021-01-30T07:54:27+00:00,BEANR,0.1,44,0.0,moored,4.30148,51.32701
2021-01-30T08:00:28+00:00,BEANR,0.1,43,0.0,moored,4.30149,51.32702
2021-01-30T08:03:27+00:00,NLMOE,0.1,43,0.0,moored,4.30151,51.32701
2021-01-30T08:09:27+00:00,NLMOE,0.1,45,0.0,moored,4.3015,51.32707
2021-01-30T08:15:28+00:00,NLMOE,0.1,44,0.0,moored,4.30149,51.32706
2021-01-30T08:18:28+00:00,NLMOE,0.1,44,0.0,moored,4.3015,51.32701
2021-01-30T08:24:29+00:00,NLMOE,0.1,43,0.0,moored,4.3015,51.32704
2021-01-30T08:30:27+00:00,NLMOE,0.1,43,0.0,moored,4.30147,51.32703
2021-01-30T08:33:27+00:00,NLMOE,0.1,43,0.0,moored,4.30152,51.32705
2021-01-30T08:39:29+00:00,NLMOE,0.1,45,0.0,moored,4.30151,51.32704
2021-01-30T08:42:29+00:00,NLMOE,0.1,44,0.0,moored,4.3015,51.32701
2021-01-30T08:51:28+00:00,NLMOE,0.1,44,0.0,moored,4.3015,51.32703
2021-01-30T08:54:29+00:00,NLMOE,0.1,44,0.0,moored,4.3015,51.32701
2021-01-30T08:57:29+00:00,NLMOE,0.1,44,0.0,moored,4.30151,51.32702
2021-01-30T09:06:28+00:00,NLMOE,0.1,44,0.0,moored,4.30153,51.32703
2021-01-30T09:09:28+00:00,NLMOE,0.1,44,0.0,moored,4.30149,51.32701
2021-01-30T09:15:28+00:00,NLMOE,0.1,44,0.0,moored,4.30148,51.32703
2021-01-30T09:21:29+00:00,NLMOE,0.1,44,0.0,moored,4.30148,51.32701
2021-01-30T09:24:29+00:00,NLMOE,0.1,44,0.0,moored,4.30149,51.32702
2021-01-30T09:30:28+00:00,NLMOE,0.1,45,0.0,moored,4.30151,51.32703
2021-01-30T09:36:28+00:00,NLMOE,0.1,45,0.0,moored,4.3015,51.32701
2021-01-30T09:39:27+00:00,NLMOE,48.1,45,0.5,moored,4.3016,51.32709
2021-01-30T09:45:27+00:00,NLMOE,0.1,44,0.0,moored,4.30267,51.32774
2021-01-30T09:51:29+00:00,NLMOE,0.1,45,0.0,moored,4.30267,51.32779
2021-01-30T09:54:28+00:00,NLMOE,0.1,45,0.0,moored,4.30266,51.32778
2021-01-30T10:00:28+00:00,NLMOE,0.1,44,0.0,moored,4.30267,51.32778
2021-01-30T10:06:27+00:00,NLMOE,0.1,44,0.0,moored,4.30268,51.32775
2021-01-30T10:09:29+00:00,NLMOE,0.1,45,0.0,moored,4.30266,51.32777
2021-01-30T10:15:28+00:00,NLMOE,0.1,44,0.0,moored,4.30264,51.32776
2021-01-30T10:21:28+00:00,NLMOE,0.1,44,0.0,moored,4.30265,51.32775
2021-01-30T10:24:29+00:00,NLMOE,0.1,45,0.0,moored,4.30264,51.32777
2021-01-30T10:30:27+00:00,NLMOE,0.1,45,0.0,moored,4.30265,51.32775
2021-01-30T10:33:29+00:00,NLMOE,0.1,45,0.0,moored,4.30262,51.32773
2021-01-30T10:33:29+00:00,NLMOE,0.1,45,0.0,moored,4.30262,51.32773
2021-01-30T10:45:28+00:00,NLMOE,0.1,45,0.0,moored,4.30264,51.32776
2021-01-30T10:45:28+00:00,NLMOE,0.1,45,0.0,moored,4.30264,51.32776
2021-01-30T10:45:28+00:00,NLMOE,0.1,45,0.0,moored,4.30264,51.32776
2021-01-30T11:00:27+00:00,NLMOE,0.1,45,0.0,moored,4.30267,51.32776
2021-01-30T11:06:27+00:00,NLMOE,0.1,44,0.0,moored,4.30266,51.32778
2021-01-30T11:09:28+00:00,NLMOE,0.1,45,0.0,moored,4.30267,51.32776
2021-01-30T11:15:27+00:00,NLMOE,0.1,44,0.0,moored,4.30264,51.32775
2021-01-30T11:21:28+00:00,NLMOE,0.1,43,0.0,moored,4.30265,51.32775
2021-01-30T11:24:27+00:00,NLMOE,0.1,44,0.0,moored,4.30264,51.32776
2021-01-30T11:30:28+00:00,NLMOE,0.1,44,0.0,moored,4.30265,51.32776
2021-01-30T11:36:28+00:00,NLMOE,0.1,44,0.0,moored,4.30264,51.32775
2021-01-30T11:39:27+00:00,NLMOE,0.1,45,0.0,moored,4.30265,51.32775
2021-01-30T11:42:27+00:00,NLMOE,0.1,44,0.0,moored,4.30265,51.32776
2021-01-30T11:51:28+00:00,NLMOE,0.1,44,0.0,moored,4.30265,51.32777
2021-01-30T11:54:29+00:00,NLMOE,0.1,44,0.0,moored,4.30265,51.32777
2021-01-30T11:57:27+00:00,NLMOE,0.1,44,0.0,moored,4.30263,51.32775
2021-01-30T12:06:27+00:00,NLMOE,0.1,44,0.0,moored,4.30264,51.32777
2021-01-30T12:09:28+00:00,NLMOE,0.1,43,0.0,moored,4.30263,51.32778
2021-01-30T12:15:28+00:00,NLMOE,0.1,45,0.0,moored,4.30266,51.32778
2021-01-30T12:21:27+00:00,NLMOE,0.1,43,0.0,moored,4.30266,51.32776
2021-01-30T12:21:27+00:00,NLMOE,0.1,43,0.0,moored,4.30266,51.32776
2021-01-30T12:30:29+00:00,NLMOE,0.1,43,0.0,moored,4.30266,51.32776
2021-01-30T12:36:27+00:00,NLMOE,0.1,43,0.0,moored,4.30266,51.32777
2021-01-30T12:39:27+00:00,NLMOE,0.1,43,0.0,moored,4.30264,51.32779
2021-01-30T12:45:29+00:00,NLMOE,0.1,45,0.0,moored,4.30265,51.32775
2021-01-30T12:51:27+00:00,NLMOE,0.1,43,0.0,moored,4.30265,51.32777
2021-01-30T12:54:28+00:00,NLMOE,0.1,44,0.0,moored,4.30265,51.32778
2021-01-30T13:00:27+00:00,NLMOE,0.1,44,0.0,moored,4.30266,51.32777
2021-01-30T13:06:29+00:00,NLMOE,0.1,45,0.0,moored,4.30264,51.32775
2021-01-30T13:09:27+00:00,NLMOE,0.1,44,0.0,moored,4.30265,51.32775
2021-01-30T13:12:27+00:00,NLMOE,0.1,44,0.0,moored,4.30265,51.32776
2021-01-30T13:21:27+00:00,NLMOE,0.1,44,0.0,moored,4.30267,51.32777
2021-01-30T13:24:27+00:00,NLMOE,0.1,45,0.0,moored,4.30265,51.32776
2021-01-30T13:27:27+00:00,NLMOE,0.1,45,0.0,moored,4.30266,51.32775
2021-01-30T13:33:28+00:00,NLMOE,0.1,45,0.0,moored,4.30265,51.32776
2021-01-30T13:39:28+00:00,NLMOE,0.1,44,0.0,moored,4.30266,51.32776
2021-01-30T13:42:28+00:00,NLMOE,0.1,45,0.0,moored,4.30263,51.32775
2021-01-30T13:48:27+00:00,NLMOE,0.1,43,0.0,moored,4.30267,51.32774
2021-01-30T13:54:28+00:00,NLMOE,0.1,44,0.0,moored,4.30268,51.32775
2021-01-30T14:00:28+00:00,NLMOE,0.1,44,0.0,moored,4.30265,51.32775
2021-01-30T14:03:27+00:00,NLMOE,0.1,43,0.0,moored,4.30265,51.32775
2021-01-30T14:09:28+00:00,NLMOE,0.1,44,0.0,moored,4.30265,51.32775
2021-01-30T14:15:27+00:00,NLMOE,0.1,44,0.0,moored,4.30266,51.32775
2021-01-30T14:15:27+00:00,NLMOE,0.1,44,0.0,moored,4.30266,51.32775
2021-01-30T14:15:27+00:00,NLMOE,0.1,44,0.0,moored,4.30266,51.32775
2021-01-30T14:30:28+00:00,NLMOE,0.1,44,0.0,moored,4.30265,51.32775
2021-01-30T14:36:27+00:00,NLMOE,0.1,45,0.0,moored,4.30267,51.32776
2021-01-30T14:39:27+00:00,NLMOE,0.1,45,0.0,moored,4.30265,51.32775
2021-01-30T14:45:27+00:00,NLMOE,0.1,44,0.0,moored,4.30264,51.32775
2021-01-30T14:51:29+00:00,NLMOE,0.1,44,0.0,moored,4.30266,51.32776
2021-01-30T14:54:28+00:00,NLMOE,0.1,44,0.0,moored,4.30266,51.32774
2021-01-30T14:54:28+00:00,NLMOE,0.1,44,0.0,moored,4.30266,51.32774
2021-01-30T15:06:29+00:00,NLMOE,0.1,45,0.0,moored,4.30265,51.32775
2021-01-30T15:09:27+00:00,NLMOE,0.1,45,0.0,moored,4.30267,51.32776
2021-01-30T15:15:28+00:00,NLMOE,0.1,44,0.0,moored,4.30265,51.32775
2021-01-30T15:21:27+00:00,NLMOE,0.1,44,0.0,moored,4.30266,51.32776
2021-01-30T15:24:28+00:00,NLMOE,0.1,45,0.0,moored,4.30264,51.32776
2021-01-30T15:30:28+00:00,NLMOE,0.1,44,0.0,moored,4.30267,51.32774
2021-01-30T15:36:28+00:00,NLMOE,0.1,44,0.0,moored,4.30266,51.32776
2021-01-30T15:39:28+00:00,NLMOE,0.1,43,0.0,moored,4.30267,51.32777
2021-01-30T15:45:27+00:00,NLMOE,0.1,44,0.0,moored,4.30265,51.32776
2021-01-30T15:51:28+00:00,NLMOE,0.1,45,0.0,moored,4.30263,51.32777
2021-01-30T15:54:28+00:00,NLMOE,0.1,44,0.0,moored,4.30264,51.32775
2021-01-30T16:00:28+00:00,NLMOE,0.1,44,0.0,moored,4.30264,51.32777
2021-01-30T16:06:28+00:00,NLMOE,0.1,44,0.0,moored,4.30266,51.32776
2021-01-30T16:09:28+00:00,NLMOE,0.1,45,0.0,moored,4.30264,51.32777
2021-01-30T16:15:29+00:00,NLMOE,0.1,44,0.0,moored,4.30264,51.32777
2021-01-30T16:21:28+00:00,NLMOE,0.1,44,0.0,moored,4.30266,51.32776
2021-01-30T16:21:28+00:00,NLMOE,0.1,44,0.0,moored,4.30266,51.32776
2021-01-30T16:31:54+00:00,NLMOE,0.1,44,0.0,under-way-using-engine,4.30265,51.32777
2021-01-30T16:37:00+00:00,NLMOE,133.3,37,0.3,under-way-using-engine,4.30279,51.32769
2021-01-30T16:42:00+00:00,NLMOE,345.5,340,6.8,under-way-using-engine,4.305,51.332
2021-01-30T16:47:00+00:00,NLMOE,339.8,340,3.9,under-way-using-engine,4.30111,51.33865
2021-01-30T16:52:00+00:00,NLMOE,310.7,300,3.6,under-way-using-engine,4.29564,51.34258
2021-01-30T16:57:00+00:00,NLMOE,289.0,280,2.0,under-way-using-engine,4.29051,51.34389
2021-01-30T17:01:54+00:00,NLMOE,277.5,276,1.1,under-way-using-engine,4.28725,51.34419
2021-01-30T17:06:57+00:00,NLMOE,275.8,275,0.5,under-way-using-engine,4.28512,51.34435
2021-01-30T17:11:53+00:00,NLMOE,0.1,276,0.0,under-way-using-engine,4.28474,51.34438
2021-01-30T17:16:53+00:00,NLMOE,0.1,275,0.0,under-way-using-engine,4.28474,51.34437
2021-01-30T17:21:53+00:00,NLMOE,0.1,276,0.0,under-way-using-engine,4.28475,51.34439
2021-01-30T17:26:44+00:00,NLMOE,0.1,276,0.0,under-way-using-engine,4.28476,51.34438
2021-01-30T17:31:54+00:00,NLMOE,0.1,275,0.0,under-way-using-engine,4.28474,51.34438
2021-01-30T17:36:53+00:00,NLMOE,0.1,276,0.0,under-way-using-engine,4.28477,51.34439
2021-01-30T17:41:53+00:00,NLMOE,0.1,276,0.0,under-way-using-engine,4.28477,51.34438
2021-01-30T17:46:54+00:00,NLMOE,0.1,276,0.0,under-way-using-engine,4.28475,51.34439
2021-01-30T17:51:54+00:00,NLMOE,0.1,276,0.0,under-way-using-engine,4.28478,51.34438
2021-01-30T17:56:54+00:00,NLMOE,0.1,276,0.0,under-way-using-engine,4.28476,51.34438
2021-01-30T18:01:54+00:00,NLMOE,0.1,277,0.0,under-way-using-engine,4.28477,51.34438
2021-01-30T18:06:54+00:00,NLMOE,0.1,275,0.0,under-way-using-engine,4.28477,51.34438
2021-01-30T18:11:43+00:00,NLMOE,0.1,274,0.0,under-way-using-engine,4.28476,51.34437
2021-01-30T18:16:54+00:00,NLMOE,0.1,277,0.0,under-way-using-engine,4.28477,51.34437
2021-01-30T18:21:54+00:00,NLMOE,277.6,283,5.7,under-way-using-engine,4.28088,51.34447
2021-01-30T18:26:54+00:00,NLMOE,295.3,292,12.6,under-way-using-engine,4.26033,51.35007
2021-01-30T18:31:53+00:00,NLMOE,303.3,304,13.1,under-way-using-engine,4.2343,51.35771
2021-01-30T18:36:53+00:00,NLMOE,343.6,347,13.6,under-way-using-engine,4.21883,51.37266
2021-01-30T18:42:00+00:00,NLMOE,335.5,332,13.5,under-way-using-engine,4.2103,51.39124
2021-01-30T18:47:00+00:00,NLMOE,252.1,245,13.1,under-way-using-engine,4.18571,51.3975
2021-01-30T18:51:53+00:00,NLMOE,228.0,225,13.4,under-way-using-engine,4.16267,51.38615
2021-01-30T18:56:53+00:00,NLMOE,247.5,250,13.4,under-way-using-engine,4.14014,51.37465
2021-01-30T19:01:59+00:00,NLMOE,261.1,262,14.8,under-way-using-engine,4.10917,51.37007
2021-01-30T19:07:00+00:00,NLMOE,287.5,289,14.8,under-way-using-engine,4.07667,51.37178
2021-01-30T19:11:59+00:00,NLMOE,307.2,315,14.9,under-way-using-engine,4.04632,51.37967
2021-01-30T19:16:59+00:00,NLMOE,357.4,359,13.2,under-way-using-engine,4.03656,51.39719
2021-01-30T19:21:59+00:00,NLMOE,351.0,353,12.7,under-way-using-engine,4.03372,51.4151
2021-01-30T19:26:59+00:00,NLMOE,322.6,318,13.3,under-way-using-engine,4.02396,51.43157
2021-01-30T19:31:59+00:00,NLMOE,283.8,277,14.1,under-way-using-engine,3.99658,51.43977
2021-01-30T19:37:00+00:00,NLMOE,215.0,207,13.2,under-way-using-engine,3.97033,51.43293
2021-01-30T19:42:00+00:00,NLMOE,196.4,196,13.9,under-way-using-engine,3.95985,51.41543
2021-01-30T19:47:01+00:00,NLMOE,195.2,196,14.1,under-way-using-engine,3.95095,51.39645
2021-01-30T19:52:00+00:00,NLMOE,223.1,229,13.3,under-way-using-engine,3.93829,51.37956
2021-01-30T19:57:00+00:00,NLMOE,232.2,234,14.0,under-way-using-engine,3.91508,51.36722
2021-01-30T20:02:00+00:00,NLMOE,237.7,241,14.2,under-way-using-engine,3.88921,51.35595
2021-01-30T20:07:00+00:00,NLMOE,251.8,253,14.3,under-way-using-engine,3.85966,51.34868
2021-01-30T20:11:57+00:00,NLMOE,271.3,272,13.8,under-way-using-engine,3.82918,51.34693
2021-01-30T20:16:54+00:00,NLMOE,294.5,297,13.6,under-way-using-engine,3.80044,51.35121
2021-01-30T20:21:58+00:00,NLMOE,299.0,301,14.1,under-way-using-engine,3.7731,51.36012
2021-01-30T20:26:54+00:00,NLMOE,300.2,301,13.5,under-way-using-engine,3.74704,51.36959
2021-01-30T20:31:54+00:00,NLMOE,316.5,317,13.4,under-way-using-engine,3.72443,51.38131
2021-01-30T20:37:00+00:00,NLMOE,351.1,356,12.5,under-way-using-engine,3.71153,51.39702
2021-01-30T20:42:01+00:00,NLMOE,343.9,347,12.5,under-way-using-engine,3.70818,51.4143
2021-01-30T20:46:54+00:00,NLMOE,316.4,316,13.3,under-way-using-engine,3.69394,51.42941
2021-01-30T20:52:00+00:00,NLMOE,293.1,286,13.1,under-way-using-engine,3.66941,51.44007
2021-01-30T20:56:54+00:00,NLMOE,255.7,253,12.6,under-way-using-engine,3.64208,51.44102
2021-01-30T21:01:53+00:00,NLMOE,252.8,252,9.5,under-way-using-engine,3.61727,51.43661
2021-01-30T21:06:54+00:00,NLMOE,267.2,269,6.8,under-way-using-engine,3.60042,51.43467
2021-01-30T21:12:00+00:00,NLMOE,270.7,279,11.3,under-way-using-engine,3.57977,51.43418
2021-01-30T21:17:00+00:00,NLMOE,309.8,308,10.2,under-way-using-engine,3.56226,51.44302
2021-01-30T21:21:53+00:00,NLMOE,293.3,294,10.4,under-way-using-engine,3.54225,51.44901
2021-01-30T21:27:00+00:00,NLMOE,338.9,340,8.7,under-way-using-engine,3.52334,51.45581
2021-01-30T21:31:53+00:00,NLMOE,328.9,331,9.1,under-way-using-engine,3.51494,51.46693
2021-01-30T21:37:00+00:00,NLMOE,330.2,327,9.0,under-way-using-engine,3.50429,51.47805
2021-01-30T21:42:01+00:00,NLMOE,312.0,314,9.2,under-way-using-engine,3.49177,51.48798
2021-01-30T21:46:54+00:00,NLMOE,312.2,312,8.9,under-way-using-engine,3.4764,51.49584
2021-01-30T21:51:44+00:00,NLMOE,311.8,312,9.3,under-way-using-engine,3.46169,51.50392
2021-01-30T21:56:54+00:00,NLMOE,309.6,311,9.4,under-way-using-engine,3.44488,51.51286
2021-01-30T22:01:54+00:00,NLMOE,333.1,341,9.0,under-way-using-engine,3.43031,51.52205
2021-01-30T22:06:53+00:00,NLMOE,346.3,351,9.1,under-way-using-engine,3.42559,51.53428
2021-01-30T22:12:00+00:00,NLMOE,346.3,350,9.1,under-way-using-engine,3.42023,51.54704
2021-01-30T22:16:43+00:00,NLMOE,340.5,345,9.5,under-way-using-engine,3.41442,51.55863
2021-01-30T22:21:50+00:00,NLMOE,335.1,340,9.6,under-way-using-engine,3.40595,51.57116
2021-01-30T22:26:07+00:00,NLMOE,334.6,339,9.8,under-way-using-engine,3.39795,51.58166
2021-01-30T22:31:57+00:00,NLMOE,327.7,336,10.2,under-way-using-engine,3.38554,51.59591
2021-01-30T22:36:14+00:00,NLMOE,328.1,335,10.1,under-way-using-engine,3.37524,51.60616
2021-01-30T22:40:44+00:00,NLMOE,325.0,338,10.0,under-way-using-engine,3.3639,51.61667
2021-01-30T22:40:44+00:00,NLMOE,325.0,338,10.0,under-way-using-engine,3.3639,51.61667
2021-01-30T22:40:44+00:00,NLMOE,325.0,338,10.0,under-way-using-engine,3.3639,51.61667
2021-01-31T04:12:00+00:00,NLMOE,86.1,96,11.5,under-way-using-engine,3.8614,51.99608
2021-01-31T04:17:00+00:00,NLMOE,88.6,98,11.5,under-way-using-engine,3.88727,51.99666
2021-01-31T04:22:00+00:00,NLMOE,90.4,97,11.2,under-way-using-engine,3.91282,51.99675
2021-01-31T04:27:00+00:00,NLMOE,90.2,97,11.3,under-way-using-engine,3.93832,51.99667
2021-01-31T04:32:00+00:00,NLMOE,90.1,97,11.5,under-way-using-engine,3.96396,51.99662
2021-01-31T04:37:00+00:00,NLMOE,96.9,96,10.3,under-way-using-engine,3.98979,51.99611
2021-01-31T04:42:00+00:00,NLMOE,103.5,105,9.3,under-way-using-engine,4.01077,51.99438
2021-01-31T04:47:00+00:00,NLMOE,102.0,101,9.0,under-way-using-engine,4.03086,51.99078
2021-01-31T04:51:54+00:00,NLMOE,104.0,105,9.3,under-way-using-engine,4.05048,51.98831
2021-01-31T04:56:53+00:00,NLMOE,109.0,106,9.5,under-way-using-engine,4.07089,51.98484
2021-01-31T05:01:53+00:00,NLMOE,110.3,110,10.2,under-way-using-engine,4.0923,51.98105
2021-01-31T05:07:00+00:00,NLMOE,115.3,118,10.2,under-way-using-engine,4.1142,51.97567
2021-01-31T05:11:53+00:00,NLMOE,121.5,122,9.7,under-way-using-engine,4.13323,51.96894
2021-01-31T05:16:53+00:00,NLMOE,132.0,130,10.0,under-way-using-engine,4.15076,51.96039
2021-01-31T05:21:54+00:00,NLMOE,130.9,130,10.0,under-way-using-engine,4.16778,51.95134
2021-01-31T05:26:53+00:00,NLMOE,122.0,122,9.9,under-way-using-engine,4.18566,51.94308
2021-01-31T05:31:53+00:00,NLMOE,118.1,118,9.8,under-way-using-engine,4.20446,51.9363
2021-01-31T05:37:00+00:00,NLMOE,139.6,140,10.0,under-way-using-engine,4.22224,51.92748
2021-01-31T05:41:53+00:00,NLMOE,131.6,132,10.2,under-way-using-engine,4.23678,51.91714
2021-01-31T05:46:54+00:00,NLMOE,121.8,121,10.1,under-way-using-engine,4.25508,51.90869
2021-01-31T05:51:54+00:00,NLMOE,121.1,123,9.9,under-way-using-engine,4.27466,51.90162
2021-01-31T05:56:54+00:00,NLMOE,106.5,105,10.0,under-way-using-engine,4.29488,51.89625
2021-01-31T06:02:00+00:00,NLMOE,112.3,120,9.1,under-way-using-engine,4.31621,51.8929
2021-01-31T06:07:00+00:00,NLMOE,165.3,167,6.5,under-way-using-engine,4.32573,51.88219
2021-01-31T06:11:54+00:00,NLMOE,200.6,158,0.4,under-way-using-engine,4.32621,51.87979
2021-01-31T06:16:54+00:00,NLMOE,218.5,158,0.4,under-way-using-engine,4.32598,51.87899
2021-01-31T06:22:00+00:00,NLMOE,144.4,152,1.5,under-way-using-engine,4.32721,51.8776
2021-01-31T06:26:57+00:00,NLMOE,0.1,191,0.0,under-way-using-engine,4.32768,51.87734
2021-01-31T06:31:53+00:00,NLMOE,0.1,190,0.3,under-way-using-engine,4.32739,51.87773
2021-01-31T06:37:00+00:00,NLMOE,212.3,170,0.6,under-way-using-engine,4.32706,51.87807
2021-01-31T06:42:00+00:00,NLMOE,312.5,165,0.5,under-way-using-engine,4.32657,51.87815
2021-01-31T06:47:00+00:00,NLMOE,98.3,167,0.1,under-way-using-engine,4.32718,51.87684
2021-01-31T06:51:53+00:00,NLMOE,0.1,194,1.0,under-way-using-engine,4.32711,51.87809
2021-01-31T06:56:53+00:00,NLMOE,333.2,179,0.9,under-way-using-engine,4.32649,51.87896
2021-01-31T07:01:57+00:00,NLMOE,338.9,180,0.9,under-way-using-engine,4.32575,51.88013
2021-01-31T07:07:00+00:00,NLMOE,343.3,188,1.1,under-way-using-engine,4.3253,51.88123
2021-01-31T07:11:53+00:00,NLMOE,164.2,159,0.9,under-way-using-engine,4.32558,51.88066
2021-01-31T07:16:54+00:00,NLMOE,217.3,154,0.2,under-way-using-engine,4.32584,51.87976
2021-01-31T07:21:54+00:00,NLMOE,162.5,162,5.3,under-way-using-engine,4.327,51.87769
2021-01-31T07:26:54+00:00,NLMOE,160.0,158,9.1,under-way-using-engine,4.33246,51.86764
2021-01-31T07:31:53+00:00,NLMOE,147.2,148,9.0,under-way-using-engine,4.34236,51.85657
2021-01-31T07:36:54+00:00,NLMOE,124.9,123,8.9,under-way-using-engine,4.35641,51.84757
2021-01-31T07:41:53+00:00,NLMOE,103.2,101,9.0,under-way-using-engine,4.37477,51.84259
2021-01-31T07:46:53+00:00,NLMOE,84.0,84,8.6,under-way-using-engine,4.39464,51.8423
2021-01-31T07:52:00+00:00,NLMOE,103.3,110,8.2,under-way-using-engine,4.41404,51.84268
2021-01-31T07:57:00+00:00,NLMOE,122.9,121,8.7,under-way-using-engine,4.4306,51.83705
2021-01-31T08:02:00+00:00,NLMOE,104.6,102,8.9,under-way-using-engine,4.44854,51.832
2021-01-31T08:07:00+00:00,NLMOE,79.0,78,8.9,under-way-using-engine,4.46818,51.83249
2021-01-31T08:11:53+00:00,NLMOE,82.2,82,8.8,under-way-using-engine,4.48712,51.83513
2021-01-31T08:16:53+00:00,NLMOE,111.7,112,8.4,under-way-using-engine,4.50593,51.83386
2021-01-31T08:22:00+00:00,NLMOE,97.0,91,8.6,under-way-using-engine,4.52436,51.82977
2021-01-31T08:27:00+00:00,NLMOE,87.9,91,8.3,under-way-using-engine,4.54302,51.83148
2021-01-31T08:32:00+00:00,NLMOE,164.2,166,8.1,under-way-using-engine,4.55707,51.82581
2021-01-31T08:37:01+00:00,NLMOE,146.3,144,8.4,under-way-using-engine,4.56344,51.81479
2021-01-31T08:41:57+00:00,NLMOE,108.3,105,8.5,under-way-using-engine,4.57829,51.80793
2021-01-31T08:47:01+00:00,NLMOE,103.2,102,8.3,under-way-using-engine,4.59674,51.80599
2021-01-31T08:52:00+00:00,NLMOE,115.5,120,8.3,under-way-using-engine,4.61414,51.80195
2021-01-31T08:57:00+00:00,NLMOE,164.1,165,9.1,under-way-using-engine,4.62284,51.79194
2021-01-31T09:01:53+00:00,NLMOE,180.0,181,8.8,under-way-using-engine,4.62703,51.78003
2021-01-31T09:07:00+00:00,NLMOE,182.9,182,9.0,under-way-using-engine,4.62562,51.76731
2021-01-31T09:11:53+00:00,NLMOE,166.6,166,9.0,under-way-using-engine,4.62858,51.75559
2021-01-31T09:17:01+00:00,NLMOE,184.1,187,9.5,under-way-using-engine,4.63057,51.74254
2021-01-31T09:21:55+00:00,NLMOE,197.7,197,9.1,under-way-using-engine,4.62675,51.73006
2021-01-31T09:27:01+00:00,NLMOE,194.9,189,9.6,under-way-using-engine,4.62033,51.71831
2021-01-31T09:31:57+00:00,NLMOE,215.4,213,7.6,under-way-using-engine,4.61265,51.70709
2021-01-31T09:36:54+00:00,NLMOE,167.7,167,4.4,under-way-using-engine,4.6087,51.70052
2021-01-31T09:41:54+00:00,NLMOE,173.2,167,1.8,under-way-using-engine,4.60998,51.69641
2021-01-31T09:46:54+00:00,NLMOE,161.0,161,0.4,under-way-using-engine,4.61052,51.6949
2021-01-31T09:51:54+00:00,NLMOE,0.1,159,0.0,under-way-using-engine,4.61051,51.6948
2021-01-31T09:56:53+00:00,NLMOE,0.1,160,0.0,under-way-using-engine,4.61052,51.69481
2021-01-31T10:00:44+00:00,NLMOE,180.0,160,0.1,moored,4.6105,51.69476
2021-01-31T10:06:43+00:00,NLMOE,0.1,160,0.0,moored,4.61053,51.69483
2021-01-31T10:09:44+00:00,NLMOE,0.1,160,0.0,moored,4.61052,51.69481
2021-01-31T10:15:44+00:00,NLMOE,0.1,159,0.0,moored,4.61055,51.6948
2021-01-31T10:21:43+00:00,NLMOE,0.1,161,0.0,moored,4.61052,51.6948
2021-01-31T10:24:43+00:00,NLMOE,0.1,160,0.0,moored,4.61051,51.69481
2021-01-31T10:30:44+00:00,NLMOE,0.1,160,0.0,moored,4.61054,51.69481
2021-01-31T10:33:43+00:00,NLMOE,0.1,160,0.0,moored,4.61053,51.69481
2021-01-31T10:39:44+00:00,NLMOE,0.1,160,0.0,moored,4.61051,51.6948
2021-01-31T10:42:43+00:00,NLMOE,0.1,159,0.0,moored,4.61052,51.6948
2021-01-31T10:51:43+00:00,NLMOE,0.1,160,0.0,moored,4.61052,51.69481
2021-01-31T10:54:44+00:00,NLMOE,0.1,160,0.0,moored,4.61052,51.6948
2021-01-31T11:00:43+00:00,NLMOE,0.1,159,0.0,moored,4.61049,51.69479
2021-01-31T11:03:44+00:00,NLMOE,0.1,160,0.0,moored,4.61049,51.69479
2021-01-31T11:09:44+00:00,NLMOE,0.1,160,0.0,moored,4.61051,51.69481
2021-01-31T11:15:43+00:00,NLMOE,0.1,159,0.0,moored,4.61048,51.69479
2021-01-31T11:21:44+00:00,NLMOE,0.1,159,0.0,moored,4.61051,51.69479
2021-01-31T11:24:43+00:00,NLMOE,0.1,160,0.0,moored,4.61051,51.69479
2021-01-31T11:30:44+00:00,NLMOE,0.1,159,0.0,moored,4.61055,51.69482
2021-01-31T11:36:43+00:00,NLMOE,0.1,160,0.0,moored,4.61055,51.69482
2021-01-31T11:39:44+00:00,NLMOE,0.1,161,0.0,moored,4.61051,51.69478
2021-01-31T11:45:44+00:00,NLMOE,0.1,160,0.0,moored,4.61053,51.69479
2021-01-31T11:51:44+00:00,NLMOE,0.1,159,0.0,moored,4.61053,51.69479
2021-01-31T11:54:43+00:00,NLMOE,0.1,159,0.0,moored,4.61053,51.69481
2021-01-31T12:00:43+00:00,NLMOE,0.1,159,0.0,moored,4.61055,51.69482
2021-01-31T12:06:45+00:00,NLMOE,0.1,160,0.0,moored,4.61051,51.6948
2021-01-31T12:09:44+00:00,NLMOE,0.1,160,0.0,moored,4.61053,51.69483
2021-01-31T12:15:44+00:00,NLMOE,0.1,160,0.0,moored,4.61054,51.69481
2021-01-31T12:21:44+00:00,NLMOE,0.1,159,0.0,moored,4.61054,51.69483
2021-01-31T12:24:43+00:00,NLMOE,0.1,160,0.0,moored,4.61054,51.69481
2021-01-31T12:30:43+00:00,NLMOE,0.1,160,0.0,moored,4.61052,51.69479
2021-01-31T12:36:44+00:00,NLMOE,0.1,160,0.0,moored,4.61053,51.6948
2021-01-31T12:36:44+00:00,NLMOE,0.1,160,0.0,moored,4.61053,51.6948
2021-01-31T12:45:44+00:00,NLMOE,0.1,159,0.0,moored,4.61052,51.6948
2021-01-31T12:45:44+00:00,NLMOE,0.1,159,0.0,moored,4.61052,51.6948
2021-01-31T12:54:44+00:00,NLMOE,0.1,159,0.0,moored,4.61051,51.6948
2021-01-31T13:00:43+00:00,NLMOE,0.1,160,0.0,moored,4.61051,51.6948
2021-01-31T13:03:44+00:00,NLMOE,0.1,160,0.0,moored,4.6105,51.69479
2021-01-31T13:09:44+00:00,NLMOE,0.1,160,0.0,moored,4.61052,51.69478
2021-01-31T13:15:43+00:00,NLMOE,0.1,160,0.0,moored,4.61052,51.69479
2021-01-31T13:21:44+00:00,NLMOE,0.1,159,0.0,moored,4.61051,51.69479
2021-01-31T13:21:44+00:00,NLMOE,0.1,159,0.0,moored,4.61051,51.69479
2021-01-31T13:21:44+00:00,NLMOE,0.1,159,0.0,moored,4.61051,51.69479
2021-01-31T13:36:43+00:00,NLMOE,0.1,160,0.0,moored,4.61053,51.69479
2021-01-31T13:39:43+00:00,NLMOE,0.1,160,0.0,moored,4.61052,51.69479
2021-01-31T13:45:44+00:00,NLMOE,0.1,160,0.0,moored,4.61053,51.6948
2021-01-31T13:51:45+00:00,NLMOE,0.1,160,0.0,moored,4.61054,51.69481
2021-01-31T13:51:45+00:00,NLMOE,0.1,160,0.0,moored,4.61054,51.69481
2021-01-31T14:00:44+00:00,NLMOE,0.1,159,0.0,moored,4.61052,51.69479
2021-01-31T14:06:44+00:00,NLMOE,0.1,159,0.0,moored,4.61054,51.69479
2021-01-31T14:09:44+00:00,NLMOE,0.1,159,0.0,moored,4.61053,51.6948
2021-01-31T14:09:44+00:00,NLMOE,0.1,159,0.0,moored,4.61053,51.6948
2021-01-31T14:21:43+00:00,NLMOE,0.1,161,0.0,moored,4.61055,51.69481
2021-01-31T14:24:43+00:00,NLMOE,0.1,160,0.0,moored,4.61056,51.69481
2021-01-31T14:30:44+00:00,NLMOE,0.1,160,0.0,moored,4.61054,51.69479
2021-01-31T14:36:43+00:00,NLMOE,0.1,161,0.0,moored,4.61052,51.69483
2021-01-31T14:36:43+00:00,NLMOE,0.1,161,0.0,moored,4.61052,51.69483
2021-01-31T14:45:43+00:00,NLMOE,0.1,160,0.0,moored,4.61053,51.6948
2021-01-31T14:51:44+00:00,NLMOE,0.1,160,0.0,moored,4.61053,51.69479
2021-01-31T14:54:43+00:00,NLMOE,0.1,160,0.0,moored,4.61052,51.69481
2021-01-31T15:00:43+00:00,NLMOE,0.1,160,0.0,moored,4.61053,51.69478
2021-01-31T15:06:44+00:00,NLMOE,0.1,159,0.0,moored,4.61053,51.6948
2021-01-31T15:09:43+00:00,NLMOE,0.1,159,0.0,moored,4.61055,51.69475
2021-01-31T15:15:44+00:00,NLMOE,0.1,159,0.0,moored,4.61052,51.69481
2021-01-31T15:18:44+00:00,NLMOE,0.1,159,0.0,moored,4.61058,51.6948
2021-01-31T15:24:43+00:00,NLMOE,0.1,160,0.0,moored,4.61053,51.69482
2021-01-31T15:27:44+00:00,NLMOE,0.1,160,0.0,moored,4.61056,51.69481
2021-01-31T15:36:43+00:00,NLMOE,0.1,160,0.0,moored,4.61053,51.69481
2021-01-31T15:39:43+00:00,NLMOE,0.1,159,0.0,moored,4.61052,51.69481
2021-01-31T15:45:44+00:00,NLMOE,0.1,160,0.0,moored,4.61053,51.69481
2021-01-31T15:51:44+00:00,NLMOE,0.1,159,0.0,moored,4.61053,51.69481
2021-01-31T15:54:44+00:00,NLMOE,0.1,158,0.0,moored,4.61051,51.69481
2021-01-31T15:54:44+00:00,NLMOE,0.1,158,0.0,moored,4.61051,51.69481
2021-01-31T16:06:43+00:00,NLMOE,0.1,160,0.0,moored,4.61054,51.6948
2021-01-31T16:09:43+00:00,NLMOE,0.1,161,0.0,moored,4.61053,51.69481
2021-01-31T16:12:43+00:00,NLMOE,0.1,160,0.0,moored,4.61051,51.69481
2021-01-31T16:21:44+00:00,NLMOE,0.1,160,0.0,moored,4.61052,51.69481
2021-01-31T16:24:44+00:00,NLMOE,0.1,160,0.0,moored,4.61052,51.69479
2021-01-31T16:30:43+00:00,NLMOE,0.1,160,0.0,moored,4.61048,51.69483
2021-01-31T16:36:44+00:00,NLMOE,0.1,161,0.0,moored,4.6105,51.69484
2021-01-31T16:39:43+00:00,NLMOE,0.1,160,0.0,moored,4.61051,51.6948
2021-01-31T16:45:44+00:00,NLMOE,0.1,159,0.0,moored,4.61052,51.69481
2021-01-31T16:51:44+00:00,NLMOE,0.1,159,0.0,moored,4.61052,51.69482
2021-01-31T16:54:44+00:00,NLMOE,0.1,160,0.0,moored,4.6105,51.6948
2021-01-31T16:57:44+00:00,NLMOE,0.1,160,0.0,moored,4.61051,51.69483
2021-01-31T17:06:43+00:00,NLMOE,0.1,159,0.0,moored,4.61052,51.69481
2021-01-31T17:09:44+00:00,NLMOE,0.1,160,0.0,moored,4.61051,51.69479
2021-01-31T17:15:43+00:00,NLMOE,0.1,160,0.0,moored,4.61049,51.69477
2021-01-31T17:21:43+00:00,NLMOE,0.1,160,0.0,moored,4.61051,51.69481
2021-01-31T17:24:43+00:00,NLMOE,0.1,160,0.0,moored,4.61052,51.6948
2021-01-31T17:30:43+00:00,NLMOE,0.1,160,0.0,moored,4.61052,51.69478
2021-01-31T17:33:44+00:00,NLMOE,0.1,158,0.0,moored,4.61054,51.69482
2021-01-31T17:39:43+00:00,NLMOE,0.1,159,0.0,moored,4.61051,51.6948
2021-01-31T17:45:43+00:00,NLMOE,0.1,160,0.0,moored,4.61053,51.69479
2021-01-31T17:51:43+00:00,NLMOE,0.1,159,0.0,moored,4.61053,51.69482
2021-01-31T17:54:43+00:00,NLMOE,0.1,160,0.0,moored,4.61053,51.69482
2021-01-31T18:00:44+00:00,NLMOE,0.1,159,0.0,moored,4.61054,51.6948
2021-01-31T18:06:44+00:00,NLMOE,0.1,159,0.0,moored,4.61053,51.69481
2021-01-31T18:09:43+00:00,NLMOE,0.1,160,0.0,moored,4.61049,51.69482
2021-01-31T18:15:44+00:00,NLMOE,0.1,160,0.0,moored,4.61053,51.69482
2021-01-31T18:21:44+00:00,NLMOE,0.1,160,0.0,moored,4.61051,51.6948
2021-01-31T18:24:44+00:00,NLMOE,0.1,160,0.0,moored,4.61053,51.6948
2021-01-31T18:30:43+00:00,NLMOE,0.1,159,0.0,moored,4.61053,51.69482
2021-01-31T18:33:43+00:00,NLMOE,0.1,159,0.0,moored,4.61054,51.6948
2021-01-31T18:39:43+00:00,NLMOE,0.1,159,0.0,moored,4.61054,51.69484
2021-01-31T18:45:43+00:00,NLMOE,0.1,160,0.0,moored,4.61052,51.6948
2021-01-31T18:48:44+00:00,NLMOE,0.1,160,0.0,moored,4.61055,51.6948
2021-01-31T18:54:44+00:00,NLMOE,0.1,160,0.0,moored,4.61052,51.69482
2021-01-31T19:00:44+00:00,NLMOE,0.1,159,0.0,moored,4.61056,51.69483
2021-01-31T19:06:44+00:00,NLMOE,0.1,160,0.0,moored,4.61052,51.69482
2021-01-31T19:09:43+00:00,NLMOE,0.1,160,0.0,moored,4.61052,51.69481
2021-01-31T19:15:44+00:00,NLMOE,0.1,160,0.0,moored,4.6105,51.69481
2021-01-31T19:21:44+00:00,NLMOE,0.1,159,0.0,moored,4.61051,51.69481
2021-01-31T19:24:44+00:00,NLMOE,0.1,159,0.0,moored,4.61055,51.69482
2021-01-31T19:27:44+00:00,NLMOE,0.1,159,0.0,moored,4.61052,51.69483
2021-01-31T19:33:43+00:00,NLMOE,0.1,160,0.0,moored,4.61052,51.69481
2021-01-31T19:39:43+00:00,NLMOE,0.1,160,0.0,moored,4.61052,51.69481
2021-01-31T19:45:44+00:00,NLMOE,0.1,160,0.0,moored,4.61054,51.69482
2021-01-31T19:48:43+00:00,NLMOE,0.1,160,0.0,moored,4.61053,51.69479
2021-01-31T19:54:44+00:00,NLMOE,0.1,159,0.0,moored,4.61049,51.6948
2021-01-31T19:57:45+00:00,NLMOE,0.1,160,0.0,moored,4.61053,51.69482
2021-01-31T20:06:43+00:00,NLMOE,0.1,161,0.0,moored,4.6105,51.6948
2021-01-31T20:09:43+00:00,NLMOE,0.1,160,0.0,moored,4.61052,51.6948
2021-01-31T20:15:44+00:00,NLMOE,0.1,160,0.0,moored,4.6105,51.69481
2021-01-31T20:21:43+00:00,NLMOE,0.1,160,0.0,moored,4.61052,51.69482
2021-01-31T20:21:43+00:00,NLMOE,0.1,160,0.0,moored,4.61052,51.69482
2021-01-31T20:30:44+00:00,NLMOE,0.1,160,0.0,moored,4.61053,51.69481
2021-01-31T20:36:43+00:00,NLMOE,0.1,159,0.0,moored,4.61057,51.69482
2021-01-31T20:39:44+00:00,NLMOE,0.1,159,0.0,moored,4.61054,51.69483
2021-01-31T20:45:43+00:00,NLMOE,0.1,160,0.0,moored,4.61052,51.6948
2021-01-31T20:51:43+00:00,NLMOE,0.1,160,0.0,moored,4.61049,51.69479
2021-01-31T20:54:43+00:00,NLMOE,0.1,160,0.0,moored,4.61052,51.69479
2021-01-31T21:00:43+00:00,NLMOE,0.1,159,0.0,moored,4.6105,51.69483
2021-01-31T21:06:43+00:00,NLMOE,0.1,160,0.0,moored,4.61052,51.69481
2021-01-31T21:09:43+00:00,NLMOE,0.1,160,0.0,moored,4.61052,51.69481
2021-01-31T21:15:44+00:00,NLMOE,0.1,159,0.0,moored,4.61052,51.69483
2021-01-31T21:21:44+00:00,NLMOE,0.1,160,0.0,moored,4.61053,51.6948
2021-01-31T21:24:43+00:00,NLMOE,0.1,159,0.0,moored,4.61052,51.6948
2021-01-31T21:30:44+00:00,NLMOE,0.1,160,0.0,moored,4.61057,51.69482
2021-01-31T21:33:43+00:00,NLMOE,0.1,160,0.0,moored,4.61051,51.69482
2021-01-31T21:39:44+00:00,NLMOE,0.1,160,0.0,moored,4.61052,51.69479
2021-01-31T21:45:44+00:00,NLMOE,0.1,160,0.0,moored,4.61051,51.69481
2021-01-31T21:51:43+00:00,NLMOE,0.1,160,0.0,moored,4.61053,51.69481
2021-01-31T21:51:43+00:00,NLMOE,0.1,160,0.0,moored,4.61053,51.69481
2021-01-31T22:00:44+00:00,NLMOE,0.1,160,0.0,moored,4.61053,51.69479
2021-01-31T22:06:43+00:00,NLMOE,0.1,159,0.0,moored,4.61053,51.69482
2021-01-31T22:09:45+00:00,NLMOE,0.1,159,0.0,moored,4.61053,51.69481
2021-01-31T22:12:43+00:00,NLMOE,0.1,160,0.0,moored,4.61055,51.69482
2021-01-31T22:21:43+00:00,NLMOE,0.1,159,0.0,moored,4.61053,51.69482
2021-01-31T22:21:43+00:00,NLMOE,0.1,159,0.0,moored,4.61053,51.69482
2021-01-31T22:27:43+00:00,NLMOE,0.1,160,0.0,moored,4.61053,51.69481
2021-01-31T22:36:43+00:00,NLMOE,0.1,160,0.0,moored,4.61055,51.69481
2021-01-31T22:39:43+00:00,NLMOE,0.1,160,0.0,moored,4.61056,51.69481
2021-01-31T22:45:43+00:00,NLMOE,0.1,159,0.0,moored,4.61054,51.69478
2021-01-31T22:51:43+00:00,NLMOE,0.1,160,0.0,moored,4.61052,51.69484
2021-01-31T22:54:44+00:00,NLMOE,0.1,160,0.0,moored,4.61052,51.69481
2021-01-31T23:00:44+00:00,NLMOE,0.1,160,0.0,moored,4.61048,51.69481
2021-01-31T23:06:43+00:00,NLMOE,0.1,160,0.0,moored,4.61052,51.69482
2021-01-31T23:09:44+00:00,NLMOE,0.1,160,0.0,moored,4.61051,51.69482
2021-01-31T23:15:44+00:00,NLMOE,0.1,160,0.0,moored,4.61051,51.69481
2021-01-31T23:21:44+00:00,NLMOE,0.1,160,0.0,moored,4.61053,51.69481
2021-01-31T23:24:43+00:00,NLMOE,0.1,160,0.0,moored,4.61052,51.69481
2021-01-31T23:30:43+00:00,NLMOE,0.1,159,0.0,moored,4.61053,51.6948
2021-01-31T23:33:43+00:00,NLMOE,0.1,160,0.0,moored,4.61051,51.69482
2021-01-31T23:39:44+00:00,NLMOE,0.1,160,0.0,moored,4.61051,51.69481
2021-01-31T23:45:44+00:00,NLMOE,0.1,159,0.0,moored,4.61053,51.69481
2021-01-31T23:51:44+00:00,NLMOE,0.1,160,0.0,moored,4.61056,51.69482
2021-01-31T23:54:44+00:00,NLMOE,0.1,159,0.0,moored,4.61053,51.69482
